id,dur,proto,service,state,spkts,dpkts,sbytes,dbytes,rate,sload,dload,smean,dmean,sinpkt,dinpkt,sjit,djit,tcp_syn_count,tcp_fin_count,tcp_rst_count,sttl,dttl,sloss,dloss,swin,dwin,stcpb,dtcpb,tcprtt,synack,ackdat,trans_depth,response_body_len,ct_srv_src,ct_state_ttl,ct_dst_ltm,ct_src_dport_ltm,ct_dst_sport_ltm,ct_dst_src_ltm,ct_src_ltm,ct_srv_dst,is_ftp_login,ct_ftp_cmd,ct_flw_http_mthd,is_sm_ips_ports,attack_cat,label,udp_packet_rate
1,208.09601187705994,tcp,-,INT,2655,2489,3807270,153862,24.719358884393227,18295.737461077722,739.3798593838474,770.0489891135303,770.0489891135303,40.46198947638731,40.46198947638731,51.4582151055577,51.4582151055577,0.0,0.0,0.0,64,64,0,0,8192,8192,0,0,0,0,0,0,0,1,1,1,1,1,1,1,1,0,0,0,0,Normal,0,0.0
2,206.9068148136139,other,-,CON,104,104,4680,4680,1.0052834663148764,22.61887799208472,22.61887799208472,45.0,45.0,999.5498300174585,999.5498300174585,1001.3113316884594,1001.3113316884594,0.0,0.0,0.0,64,64,0,0,8192,8192,0,0,0,0,0,0,0,1,1,1,1,1,1,1,1,0,0,0,0,Normal,0,0.0
3,0.06602120399475098,tcp,https,FIN,2,1,108,54,45.4399468425101,1635.8380863303637,817.9190431651818,54.0,54.0,33.01060199737549,33.01060199737549,32.933592796325684,32.933592796325684,0.0,2.0,0.0,64,64,0,0,8192,8192,0,0,0,0,0,0,0,1,1,1,1,1,1,1,1,0,0,1,0,Normal,0,0.0
4,14.415842056274414,tcp,http,RST,3,0,162,0,0.2081043887890175,11.237636994606945,0.0,54.0,54.0,7207.921028137207,7207.921028137207,2393.233060836792,2393.233060836792,0.0,2.0,1.0,64,64,0,0,8192,8192,0,0,0,0,0,0,0,1,1,1,1,1,1,1,1,0,0,1,0,Normal,0,0.0
5,202.0530400276184,tcp,https,INT,22,43,4612,6229,0.32169770863687686,22.825689726665786,30.82853887844778,166.7846153846154,166.7846153846154,3157.0787504315376,3157.0787504315376,4569.624743989292,4569.624743989292,0.0,0.0,0.0,64,64,0,0,8192,8192,0,0,0,0,0,0,0,1,1,1,1,1,1,1,1,0,0,0,0,Normal,0,0.0
6,0.1741650104522705,tcp,http,FIN,5,5,1017,629,57.41681394002198,5839.289977700236,3611.517596827383,164.6,164.6,19.351667828030056,19.351667828030056,22.24143289350085,22.24143289350085,2.0,2.0,0.0,64,64,0,0,8192,8192,0,0,0,0,0,0,0,1,1,1,1,1,1,1,1,0,0,1,0,Normal,0,0.0
7,189.44735097885132,tcp,-,INT,10,10,724,802,0.1055702278055747,3.8216422465618045,4.233366135003545,76.3,76.3,9970.913209413227,9970.913209413227,13318.996077424188,13318.996077424188,0.0,0.0,0.0,64,64,0,0,8192,8192,0,0,0,0,0,0,0,1,1,1,1,1,1,1,1,0,0,0,0,Normal,0,0.0
8,192.19187307357788,tcp,https,INT,47,35,13463,8631,0.4266569584272041,70.04978818665181,44.908246441282905,269.4390243902439,269.4390243902439,2372.7391737478747,2372.7391737478747,6063.614648722874,6063.614648722874,0.0,0.0,0.0,64,64,0,0,8192,8192,0,0,0,0,0,0,0,1,1,1,1,1,1,1,1,0,0,0,0,Normal,0,0.0
9,28.842156887054443,tcp,-,RST,4,5,228,305,0.3120432371006058,7.905095339882013,10.57479859063164,59.22222222222222,59.22222222222222,3605.2696108818054,3605.2696108818054,6217.671928245495,6217.671928245495,0.0,2.0,1.0,64,64,0,0,8192,8192,0,0,0,0,0,0,0,1,1,1,1,1,1,1,1,0,0,0,0,Normal,0,0.0
10,195.09737086296082,udp,https,CON,16,16,1325,1582,0.16402066239261245,6.791480552194109,8.108771497034779,90.84375,90.84375,6293.4635762245425,6293.4635762245425,7337.704125574438,7337.704125574438,0.0,0.0,0.0,64,64,0,0,8192,8192,0,0,0,0,0,0,0,1,1,1,1,1,1,1,1,0,0,1,0,Normal,0,0.16402066239261245
11,29.06127691268921,tcp,-,RST,5,4,305,228,0.30969045259226974,10.495065337849141,7.8454914656708326,59.22222222222222,59.22222222222222,3632.659614086151,3632.659614086151,6266.61596505043,6266.61596505043,0.0,2.0,1.0,64,64,0,0,8192,8192,0,0,0,0,0,0,0,1,1,1,1,1,1,1,1,0,0,0,0,Normal,0,0.0
12,198.8564009666443,tcp,-,INT,45,34,3930,6061,0.39727159707195586,19.763004765731473,30.47928037788765,126.46835443037975,126.46835443037975,2549.4410380339013,2549.4410380339013,5087.10207149822,5087.10207149822,0.0,0.0,0.0,64,64,0,0,8192,8192,0,0,0,0,0,0,0,1,1,1,1,1,1,1,1,0,0,0,0,Normal,0,0.0
13,200.08715510368347,tcp,https,INT,42,21,2919,1869,0.31486279050423766,14.588642626696346,9.340929451625717,76.0,76.0,3227.212179091669,3227.212179091669,4639.911836356399,4639.911836356399,0.0,0.0,0.0,64,64,0,0,8192,8192,0,0,0,0,0,0,0,1,1,1,1,1,1,1,1,0,0,0,0,Normal,0,0.0
14,200.27427983283997,tcp,https,INT,60,40,20301,6740,0.49931523949788037,101.36598677046469,33.65384714215714,270.41,270.41,2022.9725235640399,2022.9725235640399,4202.847870640322,4202.847870640322,0.0,0.0,0.0,64,64,0,0,8192,8192,0,0,0,0,0,0,0,1,1,1,1,1,1,1,1,0,0,1,0,Normal,0,0.0
15,0.19127488136291504,tcp,http,RST,5,5,1033,629,52.280780041507484,5400.604578287723,3288.461064610821,166.2,166.2,21.25276459587945,21.25276459587945,23.81037464651794,23.81037464651794,2.0,2.0,1.0,64,64,0,0,8192,8192,0,0,0,0,0,0,0,1,1,1,1,1,1,1,1,0,0,1,0,Normal,0,0.0
16,183.09164118766785,tcp,http,INT,27,23,1605,1456,0.27308728937958615,8.766101989084715,7.952301866733548,61.22,61.22,3736.5641058707724,3736.5641058707724,6404.519458082998,6404.519458082998,0.0,0.0,0.0,64,64,0,0,8192,8192,0,0,0,0,0,0,0,1,1,1,1,1,1,1,1,0,0,1,0,Normal,0,0.0
17,31.3215069770813,tcp,-,RST,8,7,1022,505,0.478904160357797,32.629336792377906,16.123106732045834,101.8,101.8,2237.25049836295,2237.25049836295,5207.193219137058,5207.193219137058,0.0,2.0,1.0,64,64,0,0,8192,8192,0,0,0,0,0,0,0,1,1,1,1,1,1,1,1,0,0,0,0,Normal,0,0.0
18,120.11198496818542,tcp,https,RST,21,24,5041,1917,0.37465037324892553,41.96916736772963,15.960105900404226,154.62222222222223,154.62222222222223,2729.8178401860323,2729.8178401860323,8581.452091183375,8581.452091183375,2.0,2.0,1.0,64,64,0,0,8192,8192,0,0,0,0,0,0,0,1,1,1,1,1,1,1,1,0,0,1,0,Normal,0,0.0
19,0.9565839767456055,tcp,-,FIN,14,16,2827,5965,31.361595771301758,2955.307708182336,6235.7306258604995,293.06666666666666,293.06666666666666,32.985654370538114,32.985654370538114,96.07573727459034,96.07573727459034,2.0,2.0,0.0,64,64,0,0,8192,8192,0,0,0,0,0,0,0,1,1,1,1,1,1,1,1,0,0,0,0,Normal,0,0.0
20,0.08293700218200684,udp,dns,CON,1,1,74,249,24.11468882864806,892.2434866599782,3002.2787591666834,161.5,161.5,82.93700218200684,82.93700218200684,0.0,0.0,0.0,0.0,0.0,64,64,0,0,8192,8192,0,0,0,0,0,0,0,1,1,1,1,1,1,1,1,0,0,0,0,Normal,0,24.11468882864806
21,0.05787301063537598,udp,dns,CON,1,1,74,267,34.55842331412187,1278.661662622509,4613.549512435269,170.5,170.5,57.87301063537598,57.87301063537598,0.0,0.0,0.0,0.0,0.0,64,64,0,0,8192,8192,0,0,0,0,0,0,0,1,1,1,1,1,1,1,1,0,0,0,0,Normal,0,34.55842331412187
22,0.050295114517211914,udp,dns,CON,1,1,74,169,39.76529369101174,1471.3158665674343,3360.167316890492,121.5,121.5,50.295114517211914,50.295114517211914,0.0,0.0,0.0,0.0,0.0,64,64,0,0,8192,8192,0,0,0,0,0,0,0,1,1,1,1,1,1,1,1,0,0,0,0,Normal,0,39.76529369101174
23,21.640104055404663,tcp,https,RST,13,4,1854,279,0.7855784776485034,85.67426456237207,12.892729133172496,125.47058823529412,125.47058823529412,1352.5065034627914,1352.5065034627914,2460.266900893333,2460.266900893333,0.0,10.0,2.0,64,64,0,0,8192,8192,0,0,0,0,0,0,0,1,1,1,1,1,1,1,1,0,0,1,0,Normal,0,0.0
24,60.33640909194946,tcp,https,RST,16,20,4752,7972,0.5966546657613966,78.75841588050436,132.12586098471817,353.44444444444446,353.44444444444446,1723.8974026271273,1723.8974026271273,6953.494452608047,6953.494452608047,2.0,2.0,1.0,64,64,0,0,8192,8192,0,0,0,0,0,0,0,1,1,1,1,1,1,1,1,0,0,1,0,Normal,0,0.0
25,0.0539548397064209,udp,dns,CON,1,1,79,429,37.068037100701275,1464.1874654777002,7951.093958100423,254.0,254.0,53.9548397064209,53.9548397064209,0.0,0.0,0.0,0.0,0.0,64,64,0,0,8192,8192,0,0,0,0,0,0,0,1,1,1,1,1,1,1,1,0,0,0,0,Normal,0,37.068037100701275
26,0.09001803398132324,udp,dns,CON,1,1,79,426,22.21777027939708,877.6019260361846,4732.385069511578,252.5,252.5,90.01803398132324,90.01803398132324,0.0,0.0,0.0,0.0,0.0,64,64,0,0,8192,8192,0,0,0,0,0,0,0,1,1,1,1,1,1,1,1,0,0,0,0,Normal,0,22.21777027939708
27,0.053804874420166016,udp,dns,CON,1,1,79,154,37.17135336813279,1468.2684580412454,2862.1942093462253,116.5,116.5,53.804874420166016,53.804874420166016,0.0,0.0,0.0,0.0,0.0,64,64,0,0,8192,8192,0,0,0,0,0,0,0,1,1,1,1,1,1,1,1,0,0,0,0,Normal,0,37.17135336813279
28,0.004911899566650391,udp,dns,CON,1,1,73,137,407.17444908261336,14861.867391515387,27891.449762159013,105.0,105.0,4.911899566650391,4.911899566650391,0.0,0.0,0.0,0.0,0.0,64,64,0,0,8192,8192,0,0,0,0,0,0,0,1,1,1,1,1,1,1,1,0,0,0,0,Normal,0,407.17444908261336
29,30.362843990325928,tcp,https,FIN,14,16,2588,9174,0.9880497363672015,85.23575725727724,302.1456093810902,392.06666666666666,392.06666666666666,1046.9946203560664,1046.9946203560664,3791.3279652292,3791.3279652292,2.0,3.0,0.0,64,64,0,0,8192,8192,0,0,0,0,0,0,0,1,1,1,1,1,1,1,1,0,0,1,0,Normal,0,0.0
30,0.2465369701385498,udp,dns,CON,1,1,73,130,8.112373567648017,296.1016352191526,527.3042818971211,101.5,101.5,246.5369701385498,246.5369701385498,0.0,0.0,0.0,0.0,0.0,64,64,0,0,8192,8192,0,0,0,0,0,0,0,1,1,1,1,1,1,1,1,0,0,0,0,Normal,0,8.112373567648017
31,0.05012702941894531,udp,dns,CON,1,1,73,133,39.898633994140255,1456.3001407861193,2653.259160610327,103.0,103.0,50.12702941894531,50.12702941894531,0.0,0.0,0.0,0.0,0.0,64,64,0,0,8192,8192,0,0,0,0,0,0,0,1,1,1,1,1,1,1,1,0,0,0,0,Normal,0,39.898633994140255
32,0.04554390907287598,udp,dns,CON,1,1,73,130,43.91366575055621,1602.8487998953017,2854.3882737861536,101.5,101.5,45.54390907287598,45.54390907287598,0.0,0.0,0.0,0.0,0.0,64,64,0,0,8192,8192,0,0,0,0,0,0,0,1,1,1,1,1,1,1,1,0,0,0,0,Normal,0,43.91366575055621
33,0.04995298385620117,udp,dns,CON,1,1,73,137,40.03764831661241,1461.374163556353,2742.5789096879503,105.0,105.0,49.95298385620117,49.95298385620117,0.0,0.0,0.0,0.0,0.0,64,64,0,0,8192,8192,0,0,0,0,0,0,0,1,1,1,1,1,1,1,1,0,0,0,0,Normal,0,40.03764831661241
34,0.07317090034484863,udp,dns,CON,1,1,73,150,27.33327033799173,997.6643673366982,2049.99527534938,111.5,111.5,73.17090034484863,73.17090034484863,0.0,0.0,0.0,0.0,0.0,64,64,0,0,8192,8192,0,0,0,0,0,0,0,1,1,1,1,1,1,1,1,0,0,0,0,Normal,0,27.33327033799173
35,0.05292797088623047,udp,dns,CON,1,1,73,134,37.78720337303375,1379.2329231157319,2531.7426259932613,103.5,103.5,52.92797088623047,52.92797088623047,0.0,0.0,0.0,0.0,0.0,64,64,0,0,8192,8192,0,0,0,0,0,0,0,1,1,1,1,1,1,1,1,0,0,0,0,Normal,0,37.78720337303375
36,0.00571894645690918,udp,dns,CON,1,1,74,267,349.7147621628382,12939.446200025013,46686.9207487389,170.5,170.5,5.71894645690918,5.71894645690918,0.0,0.0,0.0,0.0,0.0,64,64,0,0,8192,8192,0,0,0,0,0,0,0,1,1,1,1,1,1,1,1,0,0,0,0,Normal,0,349.7147621628382
37,1.042052984237671,tcp,-,FIN,14,17,2696,6087,29.748967153218704,2587.2004982283106,5841.35364714975,283.3225806451613,283.3225806451613,34.735099474589035,34.735099474589035,108.75330054265385,108.75330054265385,2.0,2.0,0.0,64,64,0,0,8192,8192,0,0,0,0,0,0,0,1,1,1,1,1,1,1,1,0,0,0,0,Normal,0,0.0
38,1.076875925064087,tcp,-,FIN,17,21,3003,7660,35.28725929845497,2788.6220966647443,7113.168584899081,280.60526315789474,280.60526315789474,29.104754731461806,29.104754731461806,108.16483732935478,108.16483732935478,2.0,2.0,0.0,64,64,0,0,8192,8192,0,0,0,0,0,0,0,1,1,1,1,1,1,1,1,0,0,0,0,Normal,0,0.0
39,1.0417590141296387,tcp,-,FIN,14,19,3406,6808,31.677191704043572,3269.4701498173454,6535.100640034201,309.5151515151515,309.5151515151515,32.55496919155121,32.55496919155121,108.90011587016427,108.90011587016427,2.0,2.0,0.0,64,64,0,0,8192,8192,0,0,0,0,0,0,0,1,1,1,1,1,1,1,1,0,0,0,0,Normal,0,0.0
40,1.0386650562286377,tcp,-,FIN,14,19,3174,6559,31.771551186887937,3055.845559611585,6314.836491963575,294.93939393939394,294.93939393939394,32.45828300714493,32.45828300714493,105.9288938654642,105.9288938654642,2.0,2.0,0.0,64,64,0,0,8192,8192,0,0,0,0,0,0,0,1,1,1,1,1,1,1,1,0,0,0,0,Normal,0,0.0
41,1.1161530017852783,tcp,-,FIN,13,16,2639,6236,25.98210097864246,2364.371189056464,5587.047644924634,306.0344827586207,306.0344827586207,39.862607206617085,39.862607206617085,126.33618330552413,126.33618330552413,2.0,2.0,0.0,64,64,0,0,8192,8192,0,0,0,0,0,0,0,1,1,1,1,1,1,1,1,0,0,0,0,Normal,0,0.0
42,1.148911952972412,tcp,-,FIN,12,16,2576,6055,24.370884059095815,2242.121333436815,5270.20367777947,308.25,308.25,42.55229455453379,42.55229455453379,132.5244979647574,132.5244979647574,2.0,2.0,0.0,64,64,0,0,8192,8192,0,0,0,0,0,0,0,1,1,1,1,1,1,1,1,0,0,0,0,Normal,0,0.0
43,60.43805694580078,tcp,-,RST,17,19,2815,6200,0.5956511810477929,46.576613184709366,102.58437006934211,250.41666666666666,250.41666666666666,1726.8016270228795,1726.8016270228795,4695.533108643299,4695.533108643299,2.0,2.0,1.0,64,64,0,0,8192,8192,0,0,0,0,0,0,0,1,1,1,1,1,1,1,1,0,0,0,0,Normal,0,0.0
44,0.07647991180419922,udp,dns,CON,1,1,72,366,26.150657771681526,941.4236797805349,4785.5703722177195,219.0,219.0,76.47991180419922,76.47991180419922,0.0,0.0,0.0,0.0,0.0,64,64,0,0,8192,8192,0,0,0,0,0,0,0,1,1,1,1,1,1,1,1,0,0,0,0,Normal,0,26.150657771681526
45,180.1143400669098,tcp,https,CON,16,17,3718,2942,0.1832169497872351,20.642443009361823,16.334068674971082,201.8181818181818,201.8181818181818,5628.573127090931,5628.573127090931,11683.407423547664,11683.407423547664,2.0,0.0,0.0,64,64,0,0,8192,8192,0,0,0,0,0,0,0,1,1,1,1,1,1,1,1,0,0,1,0,Normal,0,0.0
46,0.07372689247131348,udp,dns,CON,1,1,72,166,27.127143610158036,976.5771699656893,2251.552919643117,119.0,119.0,73.72689247131348,73.72689247131348,0.0,0.0,0.0,0.0,0.0,64,64,0,0,8192,8192,0,0,0,0,0,0,0,1,1,1,1,1,1,1,1,0,0,0,0,Normal,0,27.127143610158036
47,0.059350013732910156,udp,dns,CON,1,1,72,369,33.69839152861022,1213.142095029968,6217.353237028586,220.5,220.5,59.350013732910156,59.350013732910156,0.0,0.0,0.0,0.0,0.0,64,64,0,0,8192,8192,0,0,0,0,0,0,0,1,1,1,1,1,1,1,1,0,0,0,0,Normal,0,33.69839152861022
48,0.04437088966369629,udp,dns,CON,1,1,72,166,45.074597673356436,1622.6855162408317,3741.1916068885844,119.0,119.0,44.37088966369629,44.37088966369629,0.0,0.0,0.0,0.0,0.0,64,64,0,0,8192,8192,0,0,0,0,0,0,0,1,1,1,1,1,1,1,1,0,0,0,0,Normal,0,45.074597673356436
49,0.04626107215881348,udp,dns,CON,1,1,72,158,43.23289337380755,1556.3841614570717,3415.398576530796,115.0,115.0,46.26107215881348,46.26107215881348,0.0,0.0,0.0,0.0,0.0,64,64,0,0,8192,8192,0,0,0,0,0,0,0,1,1,1,1,1,1,1,1,0,0,0,0,Normal,0,43.23289337380755
50,0.04894208908081055,udp,dns,CON,1,1,72,169,40.86462260933953,1471.1264139362231,3453.0606104891904,120.5,120.5,48.94208908081055,48.94208908081055,0.0,0.0,0.0,0.0,0.0,64,64,0,0,8192,8192,0,0,0,0,0,0,0,1,1,1,1,1,1,1,1,0,0,0,0,Normal,0,40.86462260933953
51,179.8061671257019,tcp,https,RST,12,15,909,1941,0.15016170152342098,5.055443951288506,10.794957876183709,105.55555555555556,105.55555555555556,6915.621812526997,6915.621812526997,12604.17829782195,12604.17829782195,0.0,2.0,1.0,64,64,0,0,8192,8192,0,0,0,0,0,0,0,1,1,1,1,1,1,1,1,0,0,1,0,Normal,0,0.0
52,0.9580061435699463,tcp,-,RST,17,17,2882,6075,35.490377831295795,3008.331438523367,6341.295450738881,263.44117647058823,263.44117647058823,29.03048919908928,29.03048919908928,87.11817600880613,87.11817600880613,2.0,2.0,1.0,64,64,0,0,8192,8192,0,0,0,0,0,0,0,1,1,1,1,1,1,1,1,0,0,0,0,Normal,0,0.0
53,31.98822283744812,tcp,-,RST,9,9,814,1167,0.562707096654575,25.446865370934667,36.48217676643827,110.05555555555556,110.05555555555556,1881.6601669087129,1881.6601669087129,4804.869614067365,4804.869614067365,0.0,2.0,1.0,64,64,0,0,8192,8192,0,0,0,0,0,0,0,1,1,1,1,1,1,1,1,0,0,0,0,Normal,0,0.0
54,192.31571292877197,tcp,-,INT,9,8,529,540,0.08839631323466687,2.750685276537575,2.8078828909835356,62.88235294117647,62.88235294117647,12019.732058048248,12019.732058048248,14199.218282519723,14199.218282519723,0.0,0.0,0.0,64,64,0,0,8192,8192,0,0,0,0,0,0,0,1,1,1,1,1,1,1,1,0,0,0,0,Normal,0,0.0
55,0.042231082916259766,tcp,https,FIN,3,2,193,108,118.39620617625472,4570.093558403432,2557.358053407102,60.2,60.2,10.557770729064941,10.557770729064941,18.075545973960295,18.075545973960295,0.0,2.0,0.0,64,64,0,0,8192,8192,0,0,0,0,0,0,0,1,1,1,1,1,1,1,1,0,0,0,0,Normal,0,0.0
56,0.9215829372406006,tcp,-,FIN,12,16,2576,6055,30.382506954650736,2795.190639827868,6570.217128943222,308.25,308.25,34.13270137928151,34.13270137928151,96.3001055007173,96.3001055007173,2.0,2.0,0.0,64,64,0,0,8192,8192,0,0,0,0,0,0,0,1,1,1,1,1,1,1,1,0,0,0,0,Normal,0,0.0
57,0.04491114616394043,tcp,https,FIN,3,2,193,108,111.33093735235254,4297.374181800808,2404.7482468108146,60.2,60.2,11.227786540985107,11.227786540985107,19.28548817147044,19.28548817147044,0.0,2.0,0.0,64,64,0,0,8192,8192,0,0,0,0,0,0,0,1,1,1,1,1,1,1,1,0,0,0,0,Normal,0,0.0
58,180.27989292144775,tcp,https,INT,12,8,820,576,0.11093860594156486,4.548482843604159,3.1950318511170677,69.8,69.8,9488.415416918302,9488.415416918302,12725.841156058104,12725.841156058104,0.0,0.0,0.0,64,64,0,0,8192,8192,0,0,0,0,0,0,0,1,1,1,1,1,1,1,1,0,0,0,0,Normal,0,0.0
59,60.229382038116455,tcp,-,RST,27,30,5379,5782,0.9463819496591759,89.3085703020475,95.99965671805886,195.80701754385964,195.80701754385964,1075.5246792520795,1075.5246792520795,3835.347051978028,3835.347051978028,2.0,2.0,1.0,64,64,0,0,8192,8192,0,0,0,0,0,0,0,1,1,1,1,1,1,1,1,0,0,0,0,Normal,0,0.0
60,119.92171216011047,tcp,https,FIN,6,6,328,445,0.1000652824567623,2.735117720484836,3.7107542244382685,64.41666666666667,64.41666666666667,10901.973832737316,10901.973832737316,14374.87394907293,14374.87394907293,0.0,2.0,0.0,64,64,0,0,8192,8192,0,0,0,0,0,0,0,1,1,1,1,1,1,1,1,0,0,1,0,Normal,0,0.0
61,0.1934208869934082,tcp,http,RST,5,5,1017,629,51.700724546572886,5257.9636863864625,3251.9755739794346,164.6,164.6,21.491209665934246,21.491209665934246,24.383997765015472,24.383997765015472,2.0,2.0,1.0,64,64,0,0,8192,8192,0,0,0,0,0,0,0,1,1,1,1,1,1,1,1,0,0,1,0,Normal,0,0.0
62,78.15524315834045,tcp,https,FIN,5,4,273,252,0.11515542190517197,3.4930477977902163,3.224351813344815,58.333333333333336,58.333333333333336,9769.405394792557,9769.405394792557,13039.209538117917,13039.209538117917,0.0,2.0,0.0,64,64,0,0,8192,8192,0,0,0,0,0,0,0,1,1,1,1,1,1,1,1,0,0,1,0,Normal,0,0.0
63,13.975422859191895,tcp,-,RST,3,4,162,250,0.5008792986464785,11.591778054389932,17.888546380231375,58.857142857142854,58.857142857142854,2329.237143198649,2329.237143198649,5188.323943454836,5188.323943454836,0.0,2.0,1.0,64,64,0,0,8192,8192,0,0,0,0,0,0,0,1,1,1,1,1,1,1,1,0,0,0,0,Normal,0,0.0
64,14.858289957046509,tcp,https,FIN,4,3,247,162,0.4711174718110994,16.623716505334507,10.9030043476283,58.42857142857143,58.42857142857143,2476.3816595077515,2476.3816595077515,5508.3457852751235,5508.3457852751235,0.0,2.0,0.0,64,64,0,0,8192,8192,0,0,0,0,0,0,0,1,1,1,1,1,1,1,1,0,0,0,0,Normal,0,0.0
65,0.051928043365478516,tcp,-,RST,2,3,108,196,96.28708643630453,2079.801067024178,3774.4537883031376,60.8,60.8,12.982010841369629,12.982010841369629,22.254056762305417,22.254056762305417,0.0,2.0,1.0,64,64,0,0,8192,8192,0,0,0,0,0,0,0,1,1,1,1,1,1,1,1,0,0,0,0,Normal,0,0.0
66,60.20619082450867,tcp,-,RST,18,21,3219,9680,0.6477739160359557,53.46626245435234,160.78080787764233,330.7435897435897,330.7435897435897,1584.3734427502282,1584.3734427502282,4582.359072722962,4582.359072722962,2.0,2.0,1.0,64,64,0,0,8192,8192,0,0,0,0,0,0,0,1,1,1,1,1,1,1,1,0,0,0,0,Normal,0,0.0
67,14.984337091445923,tcp,https,FIN,3,4,163,259,0.4671544665126411,10.878025434508642,17.28471526096772,60.285714285714285,60.285714285714285,2497.3895152409873,2497.3895152409873,5540.074120126988,5540.074120126988,0.0,2.0,0.0,64,64,0,0,8192,8192,0,0,0,0,0,0,0,1,1,1,1,1,1,1,1,0,0,1,0,Normal,0,0.0
68,168.11031317710876,udp,-,CON,7,7,2429,1176,0.08327865040171938,14.448845844698313,6.9954066337444285,257.5,257.5,12931.562552085288,12931.562552085288,13898.192321138004,13898.192321138004,0.0,0.0,0.0,64,64,0,0,8192,8192,0,0,0,0,0,0,0,1,1,1,1,1,1,1,1,0,0,0,0,Normal,0,0.08327865040171938
69,0.05260491371154785,udp,dns,CON,1,1,81,130,38.01926205918211,1539.7801133968755,2471.252033846837,105.5,105.5,52.60491371154785,52.60491371154785,0.0,0.0,0.0,0.0,0.0,64,64,0,0,8192,8192,0,0,0,0,0,0,0,1,1,1,1,1,1,1,1,0,0,0,0,Normal,0,38.01926205918211
70,0.2666311264038086,udp,dns,CON,1,1,81,130,7.500999703129303,303.79048797673676,487.56498070340473,105.5,105.5,266.6311264038086,266.6311264038086,0.0,0.0,0.0,0.0,0.0,64,64,0,0,8192,8192,0,0,0,0,0,0,0,1,1,1,1,1,1,1,1,0,0,0,0,Normal,0,7.500999703129303
71,0.05650782585144043,udp,dns,CON,1,1,81,133,35.393327735843485,1433.429773301661,2353.6562944335915,107.0,107.0,56.50782585144043,56.50782585144043,0.0,0.0,0.0,0.0,0.0,64,64,0,0,8192,8192,0,0,0,0,0,0,0,1,1,1,1,1,1,1,1,0,0,0,0,Normal,0,35.393327735843485
72,60.52870488166809,tcp,-,RST,18,21,6672,8011,0.6443223934205085,110.2286925359393,132.35042804337675,376.4871794871795,376.4871794871795,1592.8606547807392,1592.8606547807392,4578.094132769204,4578.094132769204,2.0,3.0,1.0,64,64,0,0,8192,8192,0,0,0,0,0,0,0,1,1,1,1,1,1,1,1,0,0,0,0,Normal,0,0.0
73,0.0757899284362793,udp,dns,CON,1,1,129,244,26.388730551203892,1702.073120552651,3219.4251272468746,186.5,186.5,75.7899284362793,75.7899284362793,0.0,0.0,0.0,0.0,0.0,64,64,0,0,8192,8192,0,0,0,0,0,0,0,1,1,1,1,1,1,1,1,0,0,0,0,Normal,0,26.388730551203892
74,0.06820201873779297,udp,dns,CON,1,1,129,247,29.324645179333007,1891.439614066979,3621.5936796476262,188.0,188.0,68.20201873779297,68.20201873779297,0.0,0.0,0.0,0.0,0.0,64,64,0,0,8192,8192,0,0,0,0,0,0,0,1,1,1,1,1,1,1,1,0,0,0,0,Normal,0,29.324645179333007
75,0.034718990325927734,udp,dns,CON,1,1,129,244,57.60536182719644,3715.5458378541703,7027.854142917966,186.5,186.5,34.718990325927734,34.718990325927734,0.0,0.0,0.0,0.0,0.0,64,64,0,0,8192,8192,0,0,0,0,0,0,0,1,1,1,1,1,1,1,1,0,0,0,0,Normal,0,57.60536182719644
76,180.05466485023499,tcp,http-alt,INT,11,13,2071,1322,0.13329285314525233,11.502062452659066,7.342214660750983,141.375,141.375,7828.463689140652,7828.463689140652,13090.010800508318,13090.010800508318,0.0,0.0,0.0,64,64,0,0,8192,8192,0,0,0,0,0,0,0,1,1,1,1,1,1,1,1,0,0,1,0,Normal,0,0.0
77,180.86079716682434,tcp,http,INT,13,13,751,864,0.14375696893571602,4.152364756566258,4.777154660017639,62.11538461538461,62.11538461538461,7234.431886672974,7234.431886672974,12784.589813674915,12784.589813674915,0.0,0.0,0.0,64,64,0,0,8192,8192,0,0,0,0,0,0,0,1,1,1,1,1,1,1,1,0,0,1,0,Normal,0,0.0
78,180.84084606170654,tcp,http,INT,13,13,751,864,0.14377282879515105,4.152822862506094,4.7776816953465575,62.11538461538461,62.11538461538461,7233.633842468262,7233.633842468262,12781.861703570661,12781.861703570661,0.0,0.0,0.0,64,64,0,0,8192,8192,0,0,0,0,0,0,0,1,1,1,1,1,1,1,1,0,0,1,0,Normal,0,0.0
79,0.19136285781860352,tcp,http,RST,5,5,1033,629,52.25674466818002,5398.121724222996,3286.949239628523,166.2,166.2,21.262539757622616,21.262539757622616,24.526344061263373,24.526344061263373,2.0,2.0,1.0,64,64,0,0,8192,8192,0,0,0,0,0,0,0,1,1,1,1,1,1,1,1,0,0,1,0,Normal,0,0.0
80,180.85002207756042,tcp,http,INT,13,13,754,864,0.1437655340116546,4.169200486337983,4.777439284079599,62.23076923076923,62.23076923076923,7234.000883102417,7234.000883102417,12784.512158624844,12784.512158624844,0.0,0.0,0.0,64,64,0,0,8192,8192,0,0,0,0,0,0,0,1,1,1,1,1,1,1,1,0,0,1,0,Normal,0,0.0
81,180.43703198432922,tcp,-,INT,7,7,385,462,0.07758939418387178,2.133708340056474,2.5604500080677686,60.5,60.5,13879.771691102247,13879.771691102247,14933.10850729025,14933.10850729025,0.0,0.0,0.0,64,64,0,0,8192,8192,0,0,0,0,0,0,0,1,1,1,1,1,1,1,1,0,0,0,0,Normal,0,0.0
82,174.53114700317383,tcp,http,INT,21,14,3658,10225,0.2005372714324941,20.959009682858955,58.58553143992149,396.65714285714284,396.65714285714284,5133.2690295051125,5133.2690295051125,11052.44970926587,11052.44970926587,0.0,0.0,0.0,64,64,0,0,8192,8192,0,0,0,0,0,0,0,1,1,1,1,1,1,1,1,0,0,0,0,Normal,0,0.0
83,0.19511795043945312,tcp,http,RST,5,5,1017,629,51.251050851434044,5212.231871590842,3223.6910985552013,164.6,164.6,21.67977227105035,21.67977227105035,24.828902370349137,24.828902370349137,2.0,2.0,1.0,64,64,0,0,8192,8192,0,0,0,0,0,0,0,1,1,1,1,1,1,1,1,0,0,1,0,Normal,0,0.0
84,0.004869937896728516,udp,dns,CON,1,1,76,317,410.68285518456867,15605.94849701361,65093.23254675414,196.5,196.5,4.869937896728516,4.869937896728516,0.0,0.0,0.0,0.0,0.0,64,64,0,0,8192,8192,0,0,0,0,0,0,0,1,1,1,1,1,1,1,1,0,0,0,0,Normal,0,410.68285518456867
85,60.719239950180054,tcp,-,RST,18,19,2830,6116,0.6093620412633357,46.60796153446595,100.72589849639354,241.78378378378378,241.78378378378378,1686.645554171668,1686.645554171668,4636.263641278863,4636.263641278863,2.0,3.0,1.0,64,64,0,0,8192,8192,0,0,0,0,0,0,0,1,1,1,1,1,1,1,1,0,0,0,0,Normal,0,0.0
86,169.95080399513245,tcp,http,INT,10,10,574,572,0.11768111435691013,3.3774479820433205,3.3656798706076296,57.3,57.3,8944.77915763855,8944.77915763855,12913.435537788962,12913.435537788962,0.0,0.0,0.0,64,64,0,0,8192,8192,0,0,0,0,0,0,0,1,1,1,1,1,1,1,1,0,0,1,0,Normal,0,0.0
87,181.11666202545166,tcp,-,INT,11,11,1205,1490,0.12146866971802087,6.653170318646143,8.226741721811413,122.5,122.5,8624.602953592936,8624.602953592936,13516.649007977643,13516.649007977643,0.0,0.0,0.0,64,64,0,0,8192,8192,0,0,0,0,0,0,0,1,1,1,1,1,1,1,1,0,0,0,0,Normal,0,0.0
88,0.17120909690856934,tcp,http,RST,5,5,1033,629,58.408111371209976,6033.557904645991,3673.8702052491076,166.2,166.2,19.023232989841038,19.023232989841038,21.96364065344265,21.96364065344265,2.0,2.0,1.0,64,64,0,0,8192,8192,0,0,0,0,0,0,0,1,1,1,1,1,1,1,1,0,0,1,0,Normal,0,0.0
89,29.670619010925293,tcp,https,FIN,3,3,163,247,0.20222025020073509,5.493650130453303,8.324733633263595,68.33333333333333,68.33333333333333,5934.123802185059,5934.123802185059,11824.728600856599,11824.728600856599,0.0,2.0,0.0,64,64,0,0,8192,8192,0,0,0,0,0,0,0,1,1,1,1,1,1,1,1,0,0,1,0,Normal,0,0.0
90,38.53616285324097,tcp,-,FIN,40,37,10895,13437,1.9981231731151496,282.7214541699942,348.68546853439307,316.0,316.0,507.0547743847496,507.0547743847496,2402.352635861455,2402.352635861455,2.0,2.0,0.0,64,64,0,0,8192,8192,0,0,0,0,0,0,0,1,1,1,1,1,1,1,1,0,0,0,0,Normal,0,0.0
91,90.64827513694763,tcp,-,RST,69,112,74612,21081,1.9967285613162826,823.0934332427098,232.55820332104173,528.6906077348066,528.6906077348066,503.60152853859796,503.60152853859796,2312.114402284901,2312.114402284901,2.0,3.0,1.0,64,64,0,0,8192,8192,0,0,0,0,0,0,0,1,1,1,1,1,1,1,1,0,0,0,0,Normal,0,0.0
92,162.2620301246643,tcp,-,INT,8,6,474,408,0.08628019746359601,2.921200971267465,2.514451468939084,63.0,63.0,12481.694624974178,12481.694624974178,14187.44974431758,14187.44974431758,0.0,0.0,0.0,64,64,0,0,8192,8192,0,0,0,0,0,0,0,1,1,1,1,1,1,1,1,0,0,0,0,Normal,0,0.0
93,36.09935998916626,tcp,-,FIN,49,56,16022,40234,2.908638824386677,443.8305832792699,1114.5349948607006,535.7714285714286,535.7714285714286,347.1092306650602,347.1092306650602,2092.6991982889313,2092.6991982889313,2.0,2.0,0.0,64,64,0,0,8192,8192,0,0,0,0,0,0,0,1,1,1,1,1,1,1,1,0,0,0,0,Normal,0,0.0
94,0.19379401206970215,tcp,http,RST,5,5,1017,629,51.601181549424176,5247.8401635764385,3245.7143194587807,164.6,164.6,21.532668007744686,21.532668007744686,24.092572423669278,24.092572423669278,2.0,2.0,1.0,64,64,0,0,8192,8192,0,0,0,0,0,0,0,1,1,1,1,1,1,1,1,0,0,1,0,Normal,0,0.0
95,60.222814083099365,tcp,-,RST,18,18,4672,5434,0.5977801029079255,77.57857335516188,90.23158553337963,280.72222222222223,280.72222222222223,1720.6518309456962,1720.6518309456962,4674.983826231568,4674.983826231568,2.0,2.0,1.0,64,64,0,0,8192,8192,0,0,0,0,0,0,0,1,1,1,1,1,1,1,1,0,0,0,0,Normal,0,0.0
96,60.44247794151306,tcp,-,RST,19,19,4260,3256,0.6286969246490947,70.48023418434587,53.86939964888032,197.78947368421052,197.78947368421052,1633.5804849057586,1633.5804849057586,4627.6484095076785,4627.6484095076785,2.0,3.0,1.0,64,64,0,0,8192,8192,0,0,0,0,0,0,0,1,1,1,1,1,1,1,1,0,0,0,0,Normal,0,0.0
97,0.18881011009216309,tcp,http,RST,5,5,1033,629,52.963265553516926,5471.105331678299,3331.3894033162146,166.2,166.2,20.978901121351456,20.978901121351456,24.05836390860454,24.05836390860454,2.0,2.0,1.0,64,64,0,0,8192,8192,0,0,0,0,0,0,0,1,1,1,1,1,1,1,1,0,0,1,0,Normal,0,0.0
98,12.222743034362793,tcp,-,RST,10,13,2584,4842,1.8817379973822757,211.40917327112174,396.1467557967382,322.8695652173913,322.8695652173913,555.5792288346723,555.5792288346723,2479.545342578349,2479.545342578349,2.0,2.0,3.0,64,64,0,0,8192,8192,0,0,0,0,0,0,0,1,1,1,1,1,1,1,1,0,0,0,0,Normal,0,0.0
99,0.004385948181152344,udp,dns,CON,1,1,84,132,456.0017395085888,19152.07305936073,30096.11480756686,108.0,108.0,4.385948181152344,4.385948181152344,0.0,0.0,0.0,0.0,0.0,64,64,0,0,8192,8192,0,0,0,0,0,0,0,1,1,1,1,1,1,1,1,0,0,0,0,Normal,0,456.0017395085888
100,5.243358850479126,tcp,https,FIN,7,6,2280,702,2.4793267771119822,434.83577321656304,133.88364596404705,229.3846153846154,229.3846153846154,436.9465708732605,436.9465708732605,1364.8031464416101,1364.8031464416101,2.0,2.0,0.0,64,64,0,0,8192,8192,0,0,0,0,0,0,0,1,1,1,1,1,1,1,1,0,0,1,0,Normal,0,0.0
101,120.1558129787445,tcp,https,INT,6,3,633,681,0.07490274317058714,5.268159602997962,5.667640899907759,146.0,146.0,15019.476622343063,15019.476622343063,25885.44916063643,25885.44916063643,0.0,0.0,0.0,64,64,0,0,8192,8192,0,0,0,0,0,0,0,1,1,1,1,1,1,1,1,0,0,1,0,Normal,0,0.0
102,0.07354211807250977,udp,dns,CON,1,1,82,144,27.195300494718893,1115.0073202834747,1958.0616356197602,113.0,113.0,73.54211807250977,73.54211807250977,0.0,0.0,0.0,0.0,0.0,64,64,0,0,8192,8192,0,0,0,0,0,0,0,1,1,1,1,1,1,1,1,0,0,0,0,Normal,0,27.195300494718893
103,15.162085056304932,tcp,http,FIN,6,7,2343,466,0.8574018646989544,154.53019761458847,30.734559149977905,216.07692307692307,216.07692307692307,1263.507088025411,1263.507088025411,4141.885009944393,4141.885009944393,2.0,2.0,0.0,64,64,0,0,8192,8192,0,0,0,0,0,0,0,1,1,1,1,1,1,1,1,0,0,1,0,Normal,0,0.0
104,0.043431997299194336,udp,dns,CON,1,1,82,163,46.048998995427276,1888.0089588125181,3752.993418127323,122.5,122.5,43.431997299194336,43.431997299194336,0.0,0.0,0.0,0.0,0.0,64,64,0,0,8192,8192,0,0,0,0,0,0,0,1,1,1,1,1,1,1,1,0,0,0,0,Normal,0,46.048998995427276
105,0.04340100288391113,udp,dns,CON,1,1,82,147,46.08188445206194,1889.3572625345396,3387.0185072265526,114.5,114.5,43.40100288391113,43.40100288391113,0.0,0.0,0.0,0.0,0.0,64,64,0,0,8192,8192,0,0,0,0,0,0,0,1,1,1,1,1,1,1,1,0,0,0,0,Normal,0,46.08188445206194
106,0.17447400093078613,tcp,http,RST,5,5,1017,629,57.31512974226459,5828.948694788309,3605.1216607884426,164.6,164.6,19.38600010342068,19.38600010342068,21.64514849225175,21.64514849225175,2.0,2.0,1.0,64,64,0,0,8192,8192,0,0,0,0,0,0,0,1,1,1,1,1,1,1,1,0,0,1,0,Normal,0,0.0
107,60.50792407989502,tcp,-,RST,19,19,4759,5501,0.6280169180787722,78.65085560886519,90.91371227240332,270.0,270.0,1635.349299456622,1635.349299456622,4566.565404208169,4566.565404208169,2.0,3.0,1.0,64,64,0,0,8192,8192,0,0,0,0,0,0,0,1,1,1,1,1,1,1,1,0,0,0,0,Normal,0,0.0
108,60.37738490104675,tcp,-,RST,54,58,6646,69398,1.8549991885796013,110.07432685089313,1149.4038722236355,678.9642857142857,678.9642857142857,543.9404045139347,543.9404045139347,2783.3154328207656,2783.3154328207656,2.0,2.0,1.0,64,64,0,0,8192,8192,0,0,0,0,0,0,0,1,1,1,1,1,1,1,1,0,0,0,0,Normal,0,0.0
109,0.043936967849731445,udp,dns,CON,1,1,79,289,45.5197547277315,1798.0303117453943,6577.6045581572025,184.0,184.0,43.936967849731445,43.936967849731445,0.0,0.0,0.0,0.0,0.0,64,64,0,0,8192,8192,0,0,0,0,0,0,0,1,1,1,1,1,1,1,1,0,0,0,0,Normal,0,45.5197547277315
110,0.0721731185913086,udp,dns,CON,1,1,79,249,27.71114840312372,1094.590361923387,3450.037976188903,164.0,164.0,72.1731185913086,72.1731185913086,0.0,0.0,0.0,0.0,0.0,64,64,0,0,8192,8192,0,0,0,0,0,0,0,1,1,1,1,1,1,1,1,0,0,0,0,Normal,0,27.71114840312372
111,0.04392695426940918,udp,dns,CON,1,1,79,395,45.53013140254989,1798.440190400721,8992.200952003604,237.0,237.0,43.92695426940918,43.92695426940918,0.0,0.0,0.0,0.0,0.0,64,64,0,0,8192,8192,0,0,0,0,0,0,0,1,1,1,1,1,1,1,1,0,0,0,0,Normal,0,45.53013140254989
112,120.34116387367249,udp,dns,CON,4,4,319,660,0.06647766850915585,2.6507970318025893,5.484407652005357,122.375,122.375,17191.59483909607,17191.59483909607,21115.407035572523,21115.407035572523,0.0,0.0,0.0,64,64,0,0,8192,8192,0,0,0,0,0,0,0,1,1,1,1,1,1,1,1,0,0,0,0,Normal,0,0.06647766850915585
113,0.10449910163879395,tcp,http,FIN,7,5,538,1942,114.83352308117024,5148.369618139132,18583.89181863605,206.66666666666666,206.66666666666666,9.49991833079945,9.49991833079945,15.629422315164524,15.629422315164524,2.0,2.0,0.0,64,64,0,0,8192,8192,0,0,0,0,0,0,0,1,1,1,1,1,1,1,1,0,0,1,0,Normal,0,0.0
114,0.1134028434753418,tcp,http,FIN,5,4,418,1365,79.36308935637007,3685.97459455141,12036.73521904946,198.11111111111111,198.11111111111111,14.175355434417725,14.175355434417725,18.391851215275132,18.391851215275132,2.0,2.0,0.0,64,64,0,0,8192,8192,0,0,0,0,0,0,0,1,1,1,1,1,1,1,1,0,0,1,0,Normal,0,0.0
115,0.03113698959350586,udp,dns,CON,1,1,84,396,64.2322853336192,2697.755984012006,12717.9924960566,240.0,240.0,31.13698959350586,31.13698959350586,0.0,0.0,0.0,0.0,0.0,64,64,0,0,8192,8192,0,0,0,0,0,0,0,1,1,1,1,1,1,1,1,0,0,0,0,Normal,0,64.2322853336192
116,0.17751407623291016,tcp,-,FIN,5,5,658,738,56.33356076438322,3706.748298296416,4157.416784411482,139.6,139.6,19.72378624810113,19.72378624810113,27.796909365241206,27.796909365241206,2.0,2.0,0.0,64,64,0,0,8192,8192,0,0,0,0,0,0,0,1,1,1,1,1,1,1,1,0,0,0,0,Normal,0,0.0
117,0.06096291542053223,udp,dns,CON,1,1,84,112,32.806829958896664,1377.8868582736598,1837.182477698213,98.0,98.0,60.96291542053223,60.96291542053223,0.0,0.0,0.0,0.0,0.0,64,64,0,0,8192,8192,0,0,0,0,0,0,0,1,1,1,1,1,1,1,1,0,0,0,0,Normal,0,32.806829958896664
118,0.37821221351623535,udp,dns,CON,1,1,84,112,5.288036526917042,222.09753413051578,296.13004550735434,98.0,98.0,378.21221351623535,378.21221351623535,0.0,0.0,0.0,0.0,0.0,64,64,0,0,8192,8192,0,0,0,0,0,0,0,1,1,1,1,1,1,1,1,0,0,0,0,Normal,0,5.288036526917042
119,0.04707694053649902,udp,dns,CON,1,1,84,112,42.48364437466765,1784.3130637360412,2379.084084981388,98.0,98.0,47.07694053649902,47.07694053649902,0.0,0.0,0.0,0.0,0.0,64,64,0,0,8192,8192,0,0,0,0,0,0,0,1,1,1,1,1,1,1,1,0,0,0,0,Normal,0,42.48364437466765
120,90.61894798278809,tcp,-,RST,27,30,9784,6435,0.629007522917022,107.9685895477218,71.01163877142169,284.5438596491228,284.5438596491228,1618.1954996926445,1618.1954996926445,4469.717590626503,4469.717590626503,2.0,2.0,1.0,64,64,0,0,8192,8192,0,0,0,0,0,0,0,1,1,1,1,1,1,1,1,0,0,0,0,Normal,0,0.0
121,90.87544512748718,tcp,-,RST,21,23,4642,6128,0.48417919646251373,51.080905226795196,67.43295718005191,244.77272727272728,244.77272727272728,2113.3824448252835,2113.3824448252835,4858.159989395025,4858.159989395025,2.0,2.0,1.0,64,64,0,0,8192,8192,0,0,0,0,0,0,0,1,1,1,1,1,1,1,1,0,0,0,0,Normal,0,0.0
122,0.029394865036010742,udp,dns,CON,1,1,78,514,68.03909450000405,2653.5246855001583,17486.04728650104,296.0,296.0,29.394865036010742,29.394865036010742,0.0,0.0,0.0,0.0,0.0,64,64,0,0,8192,8192,0,0,0,0,0,0,0,1,1,1,1,1,1,1,1,0,0,0,0,Normal,0,68.03909450000405
123,0.10625815391540527,tcp,-,FIN,5,3,997,166,75.28833981408144,9382.809349329898,1562.2330511421899,145.375,145.375,15.179736273629326,15.179736273629326,23.999781598238563,23.999781598238563,2.0,2.0,0.0,64,64,0,0,8192,8192,0,0,0,0,0,0,0,1,1,1,1,1,1,1,1,0,0,0,0,Normal,0,0.0
124,0.07787489891052246,udp,dns,CON,1,1,78,181,25.682216323619006,1001.6064366211413,2324.24057728752,129.5,129.5,77.87489891052246,77.87489891052246,0.0,0.0,0.0,0.0,0.0,64,64,0,0,8192,8192,0,0,0,0,0,0,0,1,1,1,1,1,1,1,1,0,0,0,0,Normal,0,25.682216323619006
125,0.045915842056274414,udp,dns,CON,1,1,78,126,43.557951034608095,1698.7600903497157,2744.1509151803098,102.0,102.0,45.915842056274414,45.915842056274414,0.0,0.0,0.0,0.0,0.0,64,64,0,0,8192,8192,0,0,0,0,0,0,0,1,1,1,1,1,1,1,1,0,0,0,0,Normal,0,43.557951034608095
126,0.04322504997253418,udp,dns,CON,1,1,78,193,46.26946646148076,1804.5091919977497,4465.0035135328935,135.5,135.5,43.22504997253418,43.22504997253418,0.0,0.0,0.0,0.0,0.0,64,64,0,0,8192,8192,0,0,0,0,0,0,0,1,1,1,1,1,1,1,1,0,0,0,0,Normal,0,46.26946646148076
127,0.04097104072570801,udp,dns,CON,1,1,78,142,48.814966976054,1903.783712066106,3465.862655299834,110.0,110.0,40.97104072570801,40.97104072570801,0.0,0.0,0.0,0.0,0.0,64,64,0,0,8192,8192,0,0,0,0,0,0,0,1,1,1,1,1,1,1,1,0,0,0,0,Normal,0,48.814966976054
128,0.04088401794433594,udp,dns,CON,1,1,78,142,48.918871005365055,1907.8359692092372,3473.239841380919,110.0,110.0,40.88401794433594,40.88401794433594,0.0,0.0,0.0,0.0,0.0,64,64,0,0,8192,8192,0,0,0,0,0,0,0,1,1,1,1,1,1,1,1,0,0,0,0,Normal,0,48.918871005365055
129,0.0,udp,dns,CON,1,0,78,0,1000.0,78000.0,0.0,78.0,78.0,0.0,0.0,0.0,0.0,0.0,0.0,0.0,64,64,0,0,8192,8192,0,0,0,0,0,0,0,1,1,1,1,1,1,1,1,0,0,0,0,Normal,0,1000.0
130,31.15347909927368,tcp,-,FIN,17,20,3556,6495,1.1876683140940951,114.14455472752978,208.4839378389499,271.64864864864865,271.64864864864865,865.3744194242689,865.3744194242689,3429.5787274129557,3429.5787274129557,2.0,2.0,0.0,64,64,0,0,8192,8192,0,0,0,0,0,0,0,1,1,1,1,1,1,1,1,0,0,0,0,Normal,0,0.0
131,30.42201590538025,tcp,https,FIN,13,17,2718,8559,0.9861279440950652,89.34319173501291,281.3423024503221,375.9,375.9,1049.0350312200085,1049.0350312200085,3794.5792474524224,3794.5792474524224,2.0,3.0,0.0,64,64,0,0,8192,8192,0,0,0,0,0,0,0,1,1,1,1,1,1,1,1,0,0,1,0,Normal,0,0.0
132,5.243567943572998,tcp,https,FIN,11,15,1676,9080,4.958455822407719,319.6296907059745,1731.645341056234,413.6923076923077,413.6923076923077,209.74271774291992,209.74271774291992,974.7161263981391,974.7161263981391,2.0,3.0,0.0,64,64,0,0,8192,8192,0,0,0,0,0,0,0,1,1,1,1,1,1,1,1,0,0,1,0,Normal,0,0.0
133,0.18965601921081543,tcp,http,RST,5,5,1033,629,52.72703730475502,5446.7029535811935,3316.5306464690907,166.2,166.2,21.072891023423935,21.072891023423935,23.500376249574934,23.500376249574934,2.0,2.0,1.0,64,64,0,0,8192,8192,0,0,0,0,0,0,0,1,1,1,1,1,1,1,1,0,0,1,0,Normal,0,0.0
134,0.16980600357055664,tcp,http,RST,5,5,1017,629,58.890732893580335,5989.18753527712,3704.227099006203,164.6,164.6,18.867333730061848,18.867333730061848,21.644386042018045,21.644386042018045,2.0,2.0,1.0,64,64,0,0,8192,8192,0,0,0,0,0,0,0,1,1,1,1,1,1,1,1,0,0,1,0,Normal,0,0.0
135,0.004152059555053711,udp,dns,CON,1,1,80,149,481.6886592018375,19267.5463680735,35885.805110536894,114.5,114.5,4.152059555053711,4.152059555053711,0.0,0.0,0.0,0.0,0.0,64,64,0,0,8192,8192,0,0,0,0,0,0,0,1,1,1,1,1,1,1,1,0,0,0,0,Normal,0,481.6886592018375
136,30.284169912338257,tcp,https,FIN,13,14,3394,1185,0.891554897431736,112.07175266234489,39.12935383172619,169.59259259259258,169.59259259259258,1164.7757658591638,1164.7757658591638,3986.7625614945327,3986.7625614945327,2.0,3.0,0.0,64,64,0,0,8192,8192,0,0,0,0,0,0,0,1,1,1,1,1,1,1,1,0,0,1,0,Normal,0,0.0
137,0.04515385627746582,udp,dns,CON,1,1,73,379,44.29300540158087,1616.694697157702,8393.524523599575,226.0,226.0,45.15385627746582,45.15385627746582,0.0,0.0,0.0,0.0,0.0,64,64,0,0,8192,8192,0,0,0,0,0,0,0,1,1,1,1,1,1,1,1,0,0,0,0,Normal,0,44.29300540158087
138,40.97893404960632,tcp,https,FIN,11,12,3662,2094,0.5612639892525696,89.36298820186563,51.09942580412525,250.2608695652174,250.2608695652174,1862.6788204366512,1862.6788204366512,4684.849112622829,4684.849112622829,2.0,2.0,0.0,64,64,0,0,8192,8192,0,0,0,0,0,0,0,1,1,1,1,1,1,1,1,0,0,1,0,Normal,0,0.0
139,19.05108094215393,tcp,http,RST,11,5,1357,629,0.839847358193578,71.22955406679283,33.01649926898504,124.125,124.125,1270.072062810262,1270.072062810262,2565.6082572868427,2565.6082572868427,2.0,7.0,2.0,64,64,0,0,8192,8192,0,0,0,0,0,0,0,1,1,1,1,1,1,1,1,0,0,1,0,Normal,0,0.0
140,0.0041010379791259766,udp,dns,CON,1,1,73,153,487.68141387128657,17800.37160630196,37307.62816115342,113.0,113.0,4.101037979125977,4.101037979125977,0.0,0.0,0.0,0.0,0.0,64,64,0,0,8192,8192,0,0,0,0,0,0,0,1,1,1,1,1,1,1,1,0,0,0,0,Normal,0,487.68141387128657
141,30.638094186782837,tcp,https,FIN,18,22,4141,11512,1.3055642350383483,135.158537432345,375.74138684403664,391.325,391.325,785.5921586354574,785.5921586354574,3302.731317922565,3302.731317922565,2.0,3.0,0.0,64,64,0,0,8192,8192,0,0,0,0,0,0,0,1,1,1,1,1,1,1,1,0,0,1,0,Normal,0,0.0
142,0.2814011573791504,tcp,http,RST,5,6,1265,2430,39.09010219591589,4495.361752530327,8635.358939643238,335.90909090909093,335.90909090909093,28.14011573791504,28.14011573791504,43.92204608448127,43.92204608448127,2.0,2.0,1.0,64,64,0,0,8192,8192,0,0,0,0,0,0,0,1,1,1,1,1,1,1,1,0,0,1,0,Normal,0,0.0
143,0.1647348403930664,tcp,http,RST,5,5,1033,629,60.70361300705697,6270.683223628985,3818.2572581438835,166.2,166.2,18.303871154785156,18.303871154785156,20.670792361133437,20.670792361133437,2.0,2.0,1.0,64,64,0,0,8192,8192,0,0,0,0,0,0,0,1,1,1,1,1,1,1,1,0,0,1,0,Normal,0,0.0
144,60.190359115600586,tcp,-,RST,20,21,4321,4405,0.6811722110056877,71.78890545745308,73.18447779219645,212.82926829268294,212.82926829268294,1504.7589778900146,1504.7589778900146,4469.3357526390555,4469.3357526390555,2.0,2.0,1.0,64,64,0,0,8192,8192,0,0,0,0,0,0,0,1,1,1,1,1,1,1,1,0,0,0,0,Normal,0,0.0
145,0.19234299659729004,tcp,http,RST,5,5,1017,629,51.990455472299175,5287.429321532826,3270.199649207618,164.6,164.6,21.37144406636556,21.37144406636556,24.478144167290196,24.478144167290196,2.0,2.0,1.0,64,64,0,0,8192,8192,0,0,0,0,0,0,0,1,1,1,1,1,1,1,1,0,0,1,0,Normal,0,0.0
146,135.59112095832825,tcp,-,CON,23,26,4172,5567,0.36138059523130106,30.768976393979347,41.05726068678884,198.75510204081633,198.75510204081633,2824.815019965172,2824.815019965172,5807.602953494068,5807.602953494068,2.0,0.0,0.0,64,64,0,0,8192,8192,0,0,0,0,0,0,0,1,1,1,1,1,1,1,1,0,0,0,0,Normal,0,0.0
147,1.0123591423034668,tcp,-,FIN,12,16,2576,6055,27.6581687564853,2544.5515255966475,5981.078993589946,308.25,308.25,37.494783048276545,37.494783048276545,108.17002033814563,108.17002033814563,2.0,2.0,0.0,64,64,0,0,8192,8192,0,0,0,0,0,0,0,1,1,1,1,1,1,1,1,0,0,0,0,Normal,0,0.0
148,0.9877290725708008,tcp,-,FIN,16,21,3506,7303,37.459664828634295,3549.5563483565365,7393.727898473413,292.13513513513516,292.13513513513516,27.436918682522244,27.436918682522244,91.18227897544357,91.18227897544357,2.0,2.0,0.0,64,64,0,0,8192,8192,0,0,0,0,0,0,0,1,1,1,1,1,1,1,1,0,0,0,0,Normal,0,0.0
149,60.4676730632782,tcp,-,RST,21,22,3925,7439,0.7111237760877844,64.91071677080357,123.0244132631867,264.27906976744185,264.27906976744185,1439.7065015066237,1439.7065015066237,4375.390405945553,4375.390405945553,2.0,3.0,1.0,64,64,0,0,8192,8192,0,0,0,0,0,0,0,1,1,1,1,1,1,1,1,0,0,0,0,Normal,0,0.0
150,92.47242498397827,tcp,-,RST,24,28,4850,7630,0.5623297973315774,52.448067635733665,82.51108372384492,240.0,240.0,1813.1848036074173,1813.1848036074173,4766.51249019615,4766.51249019615,2.0,2.0,1.0,64,64,0,0,8192,8192,0,0,0,0,0,0,0,1,1,1,1,1,1,1,1,0,0,0,0,Normal,0,0.0
151,30.731323957443237,tcp,-,FIN,24,26,7424,13445,1.627004422889168,241.57761671058367,437.5014893148973,417.38,417.38,627.169876682515,627.169876682515,2965.161481721944,2965.161481721944,2.0,2.0,0.0,64,64,0,0,8192,8192,0,0,0,0,0,0,0,1,1,1,1,1,1,1,1,0,0,0,0,Normal,0,0.0
152,60.19435095787048,tcp,-,RST,31,32,5127,14379,1.0466098395859964,85.1741055167842,238.87623624455625,309.6190476190476,309.6190476190476,970.8766283527497,970.8766283527497,3651.884463690682,3651.884463690682,2.0,2.0,1.0,64,64,0,0,8192,8192,0,0,0,0,0,0,0,1,1,1,1,1,1,1,1,0,0,0,0,Normal,0,0.0
153,30.694350957870483,tcp,-,FIN,18,19,4334,5947,1.2054335356621266,141.19862009620695,193.74900639412613,277.86486486486484,277.86486486486484,852.6208599408468,852.6208599408468,3426.62715019915,3426.62715019915,2.0,2.0,0.0,64,64,0,0,8192,8192,0,0,0,0,0,0,0,1,1,1,1,1,1,1,1,0,0,0,0,Normal,0,0.0
154,60.214016914367676,tcp,-,RST,17,20,3121,9624,0.6144748664188757,51.83178535387327,159.82989498419622,344.4594594594595,344.4594594594595,1672.6115809546575,1672.6115809546575,4637.515731246516,4637.515731246516,2.0,2.0,1.0,64,64,0,0,8192,8192,0,0,0,0,0,0,0,1,1,1,1,1,1,1,1,0,0,0,0,Normal,0,0.0
155,0.18892908096313477,tcp,http,RST,5,5,1033,629,52.92991396042028,5467.6601121114145,3329.2915881104354,166.2,166.2,20.992120107014973,20.992120107014973,24.191438240385754,24.191438240385754,2.0,2.0,1.0,64,64,0,0,8192,8192,0,0,0,0,0,0,0,1,1,1,1,1,1,1,1,0,0,1,0,Normal,0,0.0
156,60.274765968322754,tcp,-,RST,20,24,5744,5433,0.7299903913874023,95.2969274574827,90.13722264563083,254.02272727272728,254.02272727272728,1401.7387434493664,1401.7387434493664,4288.680951625465,4288.680951625465,2.0,2.0,1.0,64,64,0,0,8192,8192,0,0,0,0,0,0,0,1,1,1,1,1,1,1,1,0,0,0,0,Normal,0,0.0
157,60.44098711013794,tcp,-,RST,19,21,8002,5777,0.6618025600262025,132.3936021332418,95.58083473178431,344.475,344.475,1549.768900259947,1549.768900259947,4517.873596031202,4517.873596031202,2.0,2.0,1.0,64,64,0,0,8192,8192,0,0,0,0,0,0,0,1,1,1,1,1,1,1,1,0,0,0,0,Normal,0,0.0
158,0.18545889854431152,tcp,http,RST,5,5,1017,629,53.92030298082844,5483.694813150252,3391.587057494109,164.6,164.6,20.60654428270128,20.60654428270128,22.822209546566267,22.822209546566267,2.0,2.0,1.0,64,64,0,0,8192,8192,0,0,0,0,0,0,0,1,1,1,1,1,1,1,1,0,0,1,0,Normal,0,0.0
159,0.20696187019348145,tcp,http,RST,5,5,1033,629,48.31807902900833,4991.25756369656,3039.207170924624,166.2,166.2,22.995763354831272,22.995763354831272,27.609359410949946,27.609359410949946,2.0,2.0,1.0,64,64,0,0,8192,8192,0,0,0,0,0,0,0,1,1,1,1,1,1,1,1,0,0,1,0,Normal,0,0.0
160,60.20730900764465,tcp,-,RST,21,20,5105,4829,0.6809804436666342,84.79036987605288,80.20620884063845,242.29268292682926,242.29268292682926,1505.1827251911163,1505.1827251911163,4471.964334742598,4471.964334742598,2.0,2.0,1.0,64,64,0,0,8192,8192,0,0,0,0,0,0,0,1,1,1,1,1,1,1,1,0,0,0,0,Normal,0,0.0
161,0.1810741424560547,tcp,http,RST,5,5,1017,629,55.22599673460789,5616.483867909622,3473.715194606836,164.6,164.6,20.119349161783855,20.119349161783855,22.81055317226014,22.81055317226014,2.0,2.0,1.0,64,64,0,0,8192,8192,0,0,0,0,0,0,0,1,1,1,1,1,1,1,1,0,0,1,0,Normal,0,0.0
162,0.20885491371154785,tcp,http,RST,5,5,1033,629,47.88012799072147,4946.017221441528,3011.6600506163804,166.2,166.2,23.206101523505314,23.206101523505314,27.14157011739203,27.14157011739203,2.0,2.0,1.0,64,64,0,0,8192,8192,0,0,0,0,0,0,0,1,1,1,1,1,1,1,1,0,0,1,0,Normal,0,0.0
163,0.7910780906677246,udp,-,CON,6,0,1073,0,7.584586238427593,1356.3768389721347,0.0,178.83333333333334,178.83333333333334,158.21561813354492,158.21561813354492,128.5870567925048,128.5870567925048,0.0,0.0,0.0,64,64,0,0,8192,8192,0,0,0,0,0,0,0,1,1,1,1,1,1,1,1,0,0,0,0,Normal,0,7.584586238427593
164,12.616060018539429,tcp,-,RST,10,10,2520,4681,1.585280980798268,199.74540358058175,371.0350135558346,360.05,360.05,664.0031588704962,664.0031588704962,2661.2499047598885,2661.2499047598885,2.0,2.0,1.0,64,64,0,0,8192,8192,0,0,0,0,0,0,0,1,1,1,1,1,1,1,1,0,0,0,0,Normal,0,0.0
165,0.20452404022216797,tcp,http,FIN,5,5,1017,629,48.89400771242988,4972.520584354119,3075.43308511184,164.6,164.6,22.72489335801866,22.72489335801866,25.6126552083744,25.6126552083744,2.0,2.0,0.0,64,64,0,0,8192,8192,0,0,0,0,0,0,0,1,1,1,1,1,1,1,1,0,0,1,0,Normal,0,0.0
166,60.357162952423096,tcp,-,RST,17,18,4606,5437,0.5798814637392576,76.31240062808631,90.0804433814384,286.9428571428571,286.9428571428571,1775.2106750712676,1775.2106750712676,4733.912528286783,4733.912528286783,2.0,2.0,1.0,64,64,0,0,8192,8192,0,0,0,0,0,0,0,1,1,1,1,1,1,1,1,0,0,0,0,Normal,0,0.0
167,0.00434112548828125,udp,dns,CON,1,1,80,149,460.7100175746924,18428.4007029877,34322.89630931459,114.5,114.5,4.34112548828125,4.34112548828125,0.0,0.0,0.0,0.0,0.0,64,64,0,0,8192,8192,0,0,0,0,0,0,0,1,1,1,1,1,1,1,1,0,0,0,0,Normal,0,460.7100175746924
168,0.34047603607177734,tcp,https,FIN,9,11,1792,1008,58.7412853801661,5263.219170062883,2960.5607831603716,140.0,140.0,17.91979137219881,17.91979137219881,25.158902645371203,25.158902645371203,2.0,3.0,0.0,64,64,0,0,8192,8192,0,0,0,0,0,0,0,1,1,1,1,1,1,1,1,0,0,1,0,Normal,0,0.0
169,0.05619621276855469,udp,dns,CON,1,1,80,149,35.5895869395513,1423.583477582052,2651.424226996572,114.5,114.5,56.19621276855469,56.19621276855469,0.0,0.0,0.0,0.0,0.0,64,64,0,0,8192,8192,0,0,0,0,0,0,0,1,1,1,1,1,1,1,1,0,0,0,0,Normal,0,35.5895869395513
170,0.05808210372924805,udp,dns,CON,1,1,80,146,34.434014465506905,1377.3605786202763,2513.683055982004,113.0,113.0,58.08210372924805,58.08210372924805,0.0,0.0,0.0,0.0,0.0,64,64,0,0,8192,8192,0,0,0,0,0,0,0,1,1,1,1,1,1,1,1,0,0,0,0,Normal,0,34.434014465506905
171,0.05618715286254883,udp,dns,CON,1,1,80,146,35.59532558790831,1423.8130235163324,2598.458767917307,113.0,113.0,56.18715286254883,56.18715286254883,0.0,0.0,0.0,0.0,0.0,64,64,0,0,8192,8192,0,0,0,0,0,0,0,1,1,1,1,1,1,1,1,0,0,0,0,Normal,0,35.59532558790831
172,60.27655911445618,tcp,-,RST,17,23,6616,8119,0.6636078865093473,109.76074442864605,134.69581076423478,368.375,368.375,1545.5527978065686,1545.5527978065686,4527.370044339469,4527.370044339469,2.0,2.0,2.0,64,64,0,0,8192,8192,0,0,0,0,0,0,0,1,1,1,1,1,1,1,1,0,0,0,0,Normal,0,0.0
173,0.004049062728881836,udp,dns,CON,1,1,81,258,493.94147088264737,20004.629570747216,63718.44974386151,169.5,169.5,4.049062728881836,4.049062728881836,0.0,0.0,0.0,0.0,0.0,64,64,0,0,8192,8192,0,0,0,0,0,0,0,1,1,1,1,1,1,1,1,0,0,0,0,Normal,0,493.94147088264737
174,0.10239386558532715,tcp,http,FIN,6,5,472,1942,107.42831064262779,4609.651147574575,18965.979933453014,219.45454545454547,219.45454545454547,10.239386558532715,10.239386558532715,13.594387904088874,13.594387904088874,2.0,2.0,0.0,64,64,0,0,8192,8192,0,0,0,0,0,0,0,1,1,1,1,1,1,1,1,0,0,1,0,Normal,0,0.0
175,0.10693478584289551,tcp,http,FIN,5,4,418,1368,84.1634453097653,3908.9244599424323,12792.843687084325,198.44444444444446,198.44444444444446,13.366848230361938,13.366848230361938,16.636119744303304,16.636119744303304,2.0,2.0,0.0,64,64,0,0,8192,8192,0,0,0,0,0,0,0,1,1,1,1,1,1,1,1,0,0,1,0,Normal,0,0.0
176,0.004106998443603516,udp,dns,CON,1,1,84,100,486.9736444908859,20452.893068617206,24348.682224544293,92.0,92.0,4.106998443603516,4.106998443603516,0.0,0.0,0.0,0.0,0.0,64,64,0,0,8192,8192,0,0,0,0,0,0,0,1,1,1,1,1,1,1,1,0,0,0,0,Normal,0,486.9736444908859
177,0.005594015121459961,udp,dns,CON,1,1,84,112,357.52495418318205,15016.048075693645,20021.397434258193,98.0,98.0,5.594015121459961,5.594015121459961,0.0,0.0,0.0,0.0,0.0,64,64,0,0,8192,8192,0,0,0,0,0,0,0,1,1,1,1,1,1,1,1,0,0,0,0,Normal,0,357.52495418318205
178,0.13710498809814453,udp,dns,CON,1,1,84,112,14.587361318818905,612.669175390394,816.8922338538588,98.0,98.0,137.10498809814453,137.10498809814453,0.0,0.0,0.0,0.0,0.0,64,64,0,0,8192,8192,0,0,0,0,0,0,0,1,1,1,1,1,1,1,1,0,0,0,0,Normal,0,14.587361318818905
179,0.14656281471252441,tcp,-,FIN,5,5,658,738,68.23013067546837,4489.542598445819,5035.383643849566,139.6,139.6,16.28475719028049,16.28475719028049,22.924360158345728,22.924360158345728,2.0,2.0,0.0,64,64,0,0,8192,8192,0,0,0,0,0,0,0,1,1,1,1,1,1,1,1,0,0,0,0,Normal,0,0.0
180,0.043627023696899414,udp,dns,CON,1,1,84,112,45.84314561302839,1925.4121157471925,2567.2161543295897,98.0,98.0,43.627023696899414,43.627023696899414,0.0,0.0,0.0,0.0,0.0,64,64,0,0,8192,8192,0,0,0,0,0,0,0,1,1,1,1,1,1,1,1,0,0,0,0,Normal,0,45.84314561302839
181,0.04624795913696289,udp,dns,CON,1,1,84,112,43.245151512027135,1816.2963635051397,2421.7284846735197,98.0,98.0,46.24795913696289,46.24795913696289,0.0,0.0,0.0,0.0,0.0,64,64,0,0,8192,8192,0,0,0,0,0,0,0,1,1,1,1,1,1,1,1,0,0,0,0,Normal,0,43.245151512027135
182,0.172044038772583,tcp,http,RST,5,5,1033,629,58.12465268394759,6004.276622251786,3656.0406538203033,166.2,166.2,19.116004308064777,19.116004308064777,21.699119812001427,21.699119812001427,2.0,2.0,1.0,64,64,0,0,8192,8192,0,0,0,0,0,0,0,1,1,1,1,1,1,1,1,0,0,1,0,Normal,0,0.0
183,60.26195502281189,tcp,-,RST,17,18,4605,5435,0.5807976191072943,76.41637245683116,90.18957313851841,286.85714285714283,286.85714285714283,1772.4104418474085,1772.4104418474085,4733.206850055834,4733.206850055834,2.0,2.0,1.0,64,64,0,0,8192,8192,0,0,0,0,0,0,0,1,1,1,1,1,1,1,1,0,0,0,0,Normal,0,0.0
184,0.19704508781433105,tcp,http,RST,5,5,1017,629,50.74980610236101,5161.255280610115,3192.162803838508,164.6,164.6,21.893898646036785,21.893898646036785,24.95340544932985,24.95340544932985,2.0,2.0,1.0,64,64,0,0,8192,8192,0,0,0,0,0,0,0,1,1,1,1,1,1,1,1,0,0,1,0,Normal,0,0.0
185,0.1877758502960205,tcp,http,RST,5,5,1033,629,53.25498451603565,5501.239900506483,3349.738526058642,166.2,166.2,20.863983366224502,20.863983366224502,23.12344820418876,23.12344820418876,2.0,2.0,1.0,64,64,0,0,8192,8192,0,0,0,0,0,0,0,1,1,1,1,1,1,1,1,0,0,1,0,Normal,0,0.0
186,30.31369400024414,tcp,https,FIN,12,13,2976,1131,0.8247097829713085,98.17345256490455,37.30987058162199,164.28,164.28,1263.0705833435059,1263.0705833435059,4135.575132533294,4135.575132533294,2.0,3.0,0.0,64,64,0,0,8192,8192,0,0,0,0,0,0,0,1,1,1,1,1,1,1,1,0,0,1,0,Normal,0,0.0
187,0.1917259693145752,tcp,http,RST,5,5,1017,629,52.157775160820584,5304.445733855454,3280.724057615615,164.6,164.6,21.302885479397244,21.302885479397244,24.7381455175936,24.7381455175936,2.0,2.0,1.0,64,64,0,0,8192,8192,0,0,0,0,0,0,0,1,1,1,1,1,1,1,1,0,0,1,0,Normal,0,0.0
188,0.17635607719421387,tcp,http,RST,5,5,1033,629,56.70346131019574,5857.46755334322,3566.647716411312,166.2,166.2,19.595119688245987,19.595119688245987,23.316591599250984,23.316591599250984,2.0,2.0,1.0,64,64,0,0,8192,8192,0,0,0,0,0,0,0,1,1,1,1,1,1,1,1,0,0,1,0,Normal,0,0.0
189,1.0637290477752686,tcp,-,FIN,17,18,2902,6151,32.90311576354956,2728.138341309166,5782.487573188381,258.65714285714284,258.65714285714284,31.28614846397849,31.28614846397849,100.17486830606477,100.17486830606477,2.0,2.0,0.0,64,64,0,0,8192,8192,0,0,0,0,0,0,0,1,1,1,1,1,1,1,1,0,0,0,0,Normal,0,0.0
190,0.005563020706176758,udp,dns,CON,1,1,73,153,359.51690738439123,13122.36711953028,27503.043414905926,113.0,113.0,5.563020706176758,5.563020706176758,0.0,0.0,0.0,0.0,0.0,64,64,0,0,8192,8192,0,0,0,0,0,0,0,1,1,1,1,1,1,1,1,0,0,0,0,Normal,0,359.51690738439123
191,30.264107942581177,tcp,https,RST,10,11,2296,1261,0.693891260229524,75.86544445176129,41.66651805473475,169.38095238095238,169.38095238095238,1513.2053971290588,1513.2053971290588,4486.597726296336,4486.597726296336,2.0,3.0,1.0,64,64,0,0,8192,8192,0,0,0,0,0,0,0,1,1,1,1,1,1,1,1,0,0,1,0,Normal,0,0.0
192,0.05475497245788574,udp,dns,CON,1,1,73,134,36.526362999055124,1333.2122494655118,2447.2663209366933,103.5,103.5,54.75497245788574,54.75497245788574,0.0,0.0,0.0,0.0,0.0,64,64,0,0,8192,8192,0,0,0,0,0,0,0,1,1,1,1,1,1,1,1,0,0,0,0,Normal,0,36.526362999055124
193,0.05233192443847656,udp,dns,CON,1,1,73,153,38.217589386594746,1394.9420126107082,2923.645588074498,113.0,113.0,52.33192443847656,52.33192443847656,0.0,0.0,0.0,0.0,0.0,64,64,0,0,8192,8192,0,0,0,0,0,0,0,1,1,1,1,1,1,1,1,0,0,0,0,Normal,0,38.217589386594746
194,0.07317590713500977,udp,dns,CON,1,1,73,259,27.331400160301314,997.596105850998,3539.41632075902,166.0,166.0,73.17590713500977,73.17590713500977,0.0,0.0,0.0,0.0,0.0,64,64,0,0,8192,8192,0,0,0,0,0,0,0,1,1,1,1,1,1,1,1,0,0,0,0,Normal,0,27.331400160301314
195,60.285557985305786,tcp,https,RST,16,21,4752,8046,0.6137456670637188,78.82484891585923,133.46480100526168,345.8918918918919,345.8918918918919,1674.5988329251607,1674.5988329251607,6863.0696417188665,6863.0696417188665,2.0,2.0,1.0,64,64,0,0,8192,8192,0,0,0,0,0,0,0,1,1,1,1,1,1,1,1,0,0,1,0,Normal,0,0.0
196,0.07375717163085938,udp,dns,CON,1,1,79,330,27.116007240755106,1071.0822860098267,4474.141194724592,204.5,204.5,73.75717163085938,73.75717163085938,0.0,0.0,0.0,0.0,0.0,64,64,0,0,8192,8192,0,0,0,0,0,0,0,1,1,1,1,1,1,1,1,0,0,0,0,Normal,0,27.116007240755106
197,0.05142498016357422,udp,dns,CON,1,1,79,333,38.89160469558445,1536.2183854755856,6475.45218181481,206.0,206.0,51.42498016357422,51.42498016357422,0.0,0.0,0.0,0.0,0.0,64,64,0,0,8192,8192,0,0,0,0,0,0,0,1,1,1,1,1,1,1,1,0,0,0,0,Normal,0,38.89160469558445
198,0.04137992858886719,udp,dns,CON,1,1,79,190,48.332611200737496,1909.1381424291312,4591.598064070062,134.5,134.5,41.37992858886719,41.37992858886719,0.0,0.0,0.0,0.0,0.0,64,64,0,0,8192,8192,0,0,0,0,0,0,0,1,1,1,1,1,1,1,1,0,0,0,0,Normal,0,48.332611200737496
199,0.07746195793151855,udp,dns,CON,1,1,90,274,25.81912532817891,1161.860639768051,3537.2201699605107,182.0,182.0,77.46195793151855,77.46195793151855,0.0,0.0,0.0,0.0,0.0,64,64,0,0,8192,8192,0,0,0,0,0,0,0,1,1,1,1,1,1,1,1,0,0,0,0,Normal,0,25.81912532817891
200,61.035106897354126,tcp,-,RST,16,20,4619,7909,0.5898244769283857,75.67775719256149,129.58116077851673,348.0,348.0,1743.8601970672607,1743.8601970672607,4745.114667793745,4745.114667793745,2.0,2.0,1.0,64,64,0,0,8192,8192,0,0,0,0,0,0,0,1,1,1,1,1,1,1,1,0,0,0,0,Normal,0,0.0
201,0.05829906463623047,udp,dns,CON,1,1,90,274,34.305867726685314,1543.7640477008392,4699.903878555888,182.0,182.0,58.29906463623047,58.29906463623047,0.0,0.0,0.0,0.0,0.0,64,64,0,0,8192,8192,0,0,0,0,0,0,0,1,1,1,1,1,1,1,1,0,0,0,0,Normal,0,34.305867726685314
202,0.05825209617614746,udp,dns,CON,1,1,90,280,34.333528427067,1545.0087792180152,4806.693979789381,185.0,185.0,58.25209617614746,58.25209617614746,0.0,0.0,0.0,0.0,0.0,64,64,0,0,8192,8192,0,0,0,0,0,0,0,1,1,1,1,1,1,1,1,0,0,0,0,Normal,0,34.333528427067
203,0.2552468776702881,tcp,http,RST,5,5,1017,629,39.17775641869897,3984.3778277816855,2464.280878736165,164.6,164.6,28.360764185587566,28.360764185587566,33.65054584569338,33.65054584569338,2.0,2.0,1.0,64,64,0,0,8192,8192,0,0,0,0,0,0,0,1,1,1,1,1,1,1,1,0,0,1,0,Normal,0,0.0
204,62.23405694961548,tcp,-,RST,24,27,5273,5403,0.8194869899175858,84.72852740853784,86.81741581421012,209.33333333333334,209.33333333333334,1244.6811389923096,1244.6811389923096,4063.7304801850637,4063.7304801850637,2.0,2.0,1.0,64,64,0,0,8192,8192,0,0,0,0,0,0,0,1,1,1,1,1,1,1,1,0,0,0,0,Normal,0,0.0
205,60.22600197792053,tcp,-,RST,15,18,3033,9505,0.5479360893339414,50.360307846964986,157.82219785209435,379.93939393939394,379.93939393939394,1882.0625618100166,1882.0625618100166,4892.474389264516,4892.474389264516,2.0,2.0,1.0,64,64,0,0,8192,8192,0,0,0,0,0,0,0,1,1,1,1,1,1,1,1,0,0,0,0,Normal,0,0.0
206,60.50511312484741,tcp,-,RST,20,24,6009,8493,0.7272112674049473,99.31392058718929,140.3683021379595,329.59090909090907,329.59090909090907,1407.095654066219,1407.095654066219,4259.971596316288,4259.971596316288,2.0,2.0,1.0,64,64,0,0,8192,8192,0,0,0,0,0,0,0,1,1,1,1,1,1,1,1,0,0,0,0,Normal,0,0.0
207,0.1952500343322754,tcp,http,RST,5,5,1033,629,51.21638023879708,5290.652078667738,3221.510317020336,166.2,166.2,21.69444825914171,21.69444825914171,24.78476205355856,24.78476205355856,2.0,2.0,1.0,64,64,0,0,8192,8192,0,0,0,0,0,0,0,1,1,1,1,1,1,1,1,0,0,1,0,Normal,0,0.0
208,0.20236492156982422,tcp,http,RST,5,5,1017,629,49.41567897452815,5025.574551709513,3108.2462074978203,164.6,164.6,22.484991285536026,22.484991285536026,25.94093569260545,25.94093569260545,2.0,2.0,1.0,64,64,0,0,8192,8192,0,0,0,0,0,0,0,1,1,1,1,1,1,1,1,0,0,1,0,Normal,0,0.0
209,61.373106956481934,tcp,-,CON,19,21,4433,5998,0.6517512634379575,72.23033377051165,97.73010195252174,260.775,260.775,1573.6694091405623,1573.6694091405623,4548.003274754546,4548.003274754546,2.0,0.0,0.0,64,64,0,0,8192,8192,0,0,0,0,0,0,0,1,1,1,1,1,1,1,1,0,0,0,0,Normal,0,0.0
210,60.88658094406128,tcp,-,RST,20,23,3769,6435,0.7062311486911322,61.90198138178785,105.68831260063804,237.30232558139534,237.30232558139534,1449.6804986681257,1449.6804986681257,4336.528425688664,4336.528425688664,2.0,3.0,1.0,64,64,0,0,8192,8192,0,0,0,0,0,0,0,1,1,1,1,1,1,1,1,0,0,0,0,Normal,0,0.0
211,0.1772150993347168,tcp,http,RST,5,5,1033,629,56.428600257771485,5829.074406627795,3549.358956213827,166.2,166.2,19.69056659274631,19.69056659274631,22.35978234516576,22.35978234516576,2.0,2.0,1.0,64,64,0,0,8192,8192,0,0,0,0,0,0,0,1,1,1,1,1,1,1,1,0,0,1,0,Normal,0,0.0
212,46.403199195861816,tcp,-,CON,15,18,4142,4068,0.7111578635065943,89.26108698922161,87.6663693559038,248.78787878787878,248.78787878787878,1450.0999748706818,1450.0999748706818,4379.214524604246,4379.214524604246,2.0,0.0,0.0,64,64,0,0,8192,8192,0,0,0,0,0,0,0,1,1,1,1,1,1,1,1,0,0,0,0,Normal,0,0.0
213,35.99441981315613,udp,-,CON,7,0,833,0,0.19447458901508582,23.142476092795214,0.0,119.0,119.0,5999.069968859355,5999.069968859355,7438.2444991366965,7438.2444991366965,0.0,0.0,0.0,64,64,0,0,8192,8192,0,0,0,0,0,0,0,1,1,1,1,1,1,1,1,0,0,0,0,Normal,0,0.19447458901508582
214,4.051181077957153,udp,-,CON,7,0,571,0,1.7278911668717156,140.94655089767852,0.0,81.57142857142857,81.57142857142857,675.1968463261923,675.1968463261923,1067.0969387472903,1067.0969387472903,0.0,0.0,0.0,64,64,0,0,8192,8192,0,0,0,0,0,0,0,1,1,1,1,1,1,1,1,0,0,0,0,Normal,0,1.7278911668717156
215,0.1617109775543213,tcp,http,FIN,5,5,1017,629,61.83872085394352,6288.997910846056,3889.655541713047,164.6,164.6,17.967886394924587,17.967886394924587,20.02878082144582,20.02878082144582,2.0,2.0,0.0,64,64,0,0,8192,8192,0,0,0,0,0,0,0,1,1,1,1,1,1,1,1,0,0,1,0,Normal,0,0.0
216,0.1884751319885254,tcp,http,RST,5,5,1033,629,53.05739751708365,5480.829163514741,3337.3103038245613,166.2,166.2,20.941681332058376,20.941681332058376,23.294365999234373,23.294365999234373,2.0,2.0,1.0,64,64,0,0,8192,8192,0,0,0,0,0,0,0,1,1,1,1,1,1,1,1,0,0,1,0,Normal,0,0.0
217,0.0035851001739501953,udp,dns,CON,1,1,84,132,557.864467646472,23430.307641151827,36819.05486466715,108.0,108.0,3.5851001739501953,3.5851001739501953,0.0,0.0,0.0,0.0,0.0,64,64,0,0,8192,8192,0,0,0,0,0,0,0,1,1,1,1,1,1,1,1,0,0,0,0,Normal,0,557.864467646472
218,5.198276996612549,tcp,https,FIN,7,6,2280,702,2.5008286415809384,438.606869446503,135.04474664537065,229.3846153846154,229.3846153846154,433.1897497177124,433.1897497177124,1364.706161891071,1364.706161891071,2.0,2.0,0.0,64,64,0,0,8192,8192,0,0,0,0,0,0,0,1,1,1,1,1,1,1,1,0,0,1,0,Normal,0,0.0
219,0.06917619705200195,udp,dns,CON,1,1,84,112,28.911678947840052,1214.2905158092822,1619.054021079043,98.0,98.0,69.17619705200195,69.17619705200195,0.0,0.0,0.0,0.0,0.0,64,64,0,0,8192,8192,0,0,0,0,0,0,0,1,1,1,1,1,1,1,1,0,0,0,0,Normal,0,28.911678947840052
220,0.03547406196594238,udp,dns,CON,1,1,84,112,56.379221582240625,2367.927306454106,3157.236408605475,98.0,98.0,35.47406196594238,35.47406196594238,0.0,0.0,0.0,0.0,0.0,64,64,0,0,8192,8192,0,0,0,0,0,0,0,1,1,1,1,1,1,1,1,0,0,0,0,Normal,0,56.379221582240625
221,0.03539085388183594,udp,dns,CON,1,1,84,112,56.51177580167071,2373.49458367017,3164.65944489356,98.0,98.0,35.39085388183594,35.39085388183594,0.0,0.0,0.0,0.0,0.0,64,64,0,0,8192,8192,0,0,0,0,0,0,0,1,1,1,1,1,1,1,1,0,0,0,0,Normal,0,56.51177580167071
222,12.23845386505127,tcp,-,RST,12,12,2640,4787,1.9610320277903388,215.71352305693728,391.144179876348,309.4583333333333,309.4583333333333,532.1066897848377,532.1066897848377,2437.5679131001248,2437.5679131001248,2.0,2.0,1.0,64,64,0,0,8192,8192,0,0,0,0,0,0,0,1,1,1,1,1,1,1,1,0,0,0,0,Normal,0,0.0
223,19.074604034423828,tcp,http,RST,11,5,1341,629,0.8388116456375656,70.30290104999847,32.9757828191268,123.125,123.125,1271.6402689615884,1271.6402689615884,2567.534779454176,2567.534779454176,2.0,7.0,2.0,64,64,0,0,8192,8192,0,0,0,0,0,0,0,1,1,1,1,1,1,1,1,0,0,1,0,Normal,0,0.0
224,0.004950046539306641,udp,dns,CON,1,1,81,258,404.0366053366728,16363.482516135247,52120.72208843079,169.5,169.5,4.950046539306641,4.950046539306641,0.0,0.0,0.0,0.0,0.0,64,64,0,0,8192,8192,0,0,0,0,0,0,0,1,1,1,1,1,1,1,1,0,0,0,0,Normal,0,404.0366053366728
225,0.08698105812072754,udp,dns,CON,1,1,81,239,22.99351195778798,931.2372342904132,2747.724678955664,160.0,160.0,86.98105812072754,86.98105812072754,0.0,0.0,0.0,0.0,0.0,64,64,0,0,8192,8192,0,0,0,0,0,0,0,1,1,1,1,1,1,1,1,0,0,0,0,Normal,0,22.99351195778798
226,0.10819196701049805,tcp,http,FIN,6,5,472,1942,101.67113422508208,4362.615941294432,17949.57660591904,219.45454545454547,219.45454545454547,10.819196701049805,10.819196701049805,16.39201654362513,16.39201654362513,2.0,2.0,0.0,64,64,0,0,8192,8192,0,0,0,0,0,0,0,1,1,1,1,1,1,1,1,0,0,1,0,Normal,0,0.0
227,0.0868690013885498,udp,dns,CON,1,1,81,298,23.023172455434946,932.4384844451154,3430.452695859807,189.5,189.5,86.8690013885498,86.8690013885498,0.0,0.0,0.0,0.0,0.0,64,64,0,0,8192,8192,0,0,0,0,0,0,0,1,1,1,1,1,1,1,1,0,0,0,0,Normal,0,23.023172455434946
228,0.05696582794189453,udp,dns,CON,1,1,81,211,35.108767348032075,1421.9050775952992,3703.974955217384,146.0,146.0,56.96582794189453,56.96582794189453,0.0,0.0,0.0,0.0,0.0,64,64,0,0,8192,8192,0,0,0,0,0,0,0,1,1,1,1,1,1,1,1,0,0,0,0,Normal,0,35.108767348032075
229,0.11611795425415039,tcp,http,FIN,5,4,418,1366,77.50739373431834,3599.7878423272296,11763.899982342095,198.22222222222223,198.22222222222223,14.514744281768799,14.514744281768799,18.413693123429685,18.413693123429685,2.0,2.0,0.0,64,64,0,0,8192,8192,0,0,0,0,0,0,0,1,1,1,1,1,1,1,1,0,0,1,0,Normal,0,0.0
230,15.17686915397644,tcp,http,RST,6,6,1998,412,0.7906769095954103,131.64770544763581,27.146573896109086,200.83333333333334,200.83333333333334,1379.715377634222,1379.715377634222,4306.584292061633,4306.584292061633,2.0,2.0,1.0,64,64,0,0,8192,8192,0,0,0,0,0,0,0,1,1,1,1,1,1,1,1,0,0,1,0,Normal,0,0.0
231,0.04313802719116211,udp,dns,CON,1,1,82,163,46.362806327169025,1900.8750594139299,3778.5687156642753,122.5,122.5,43.13802719116211,43.13802719116211,0.0,0.0,0.0,0.0,0.0,64,64,0,0,8192,8192,0,0,0,0,0,0,0,1,1,1,1,1,1,1,1,0,0,0,0,Normal,0,46.362806327169025
232,0.04112815856933594,udp,dns,CON,1,1,82,147,48.62848397718314,1993.7678430645087,3574.193572322961,114.5,114.5,41.12815856933594,41.12815856933594,0.0,0.0,0.0,0.0,0.0,64,64,0,0,8192,8192,0,0,0,0,0,0,0,1,1,1,1,1,1,1,1,0,0,0,0,Normal,0,48.62848397718314
233,0.07574295997619629,udp,dns,CON,1,1,82,120,26.405094290327963,1082.6088659034465,1584.3056574196778,101.0,101.0,75.74295997619629,75.74295997619629,0.0,0.0,0.0,0.0,0.0,64,64,0,0,8192,8192,0,0,0,0,0,0,0,1,1,1,1,1,1,1,1,0,0,0,0,Normal,0,26.405094290327963
234,0.004019021987915039,udp,dns,CON,1,1,84,112,497.63350536868955,20900.60722548496,27867.476300646616,98.0,98.0,4.019021987915039,4.019021987915039,0.0,0.0,0.0,0.0,0.0,64,64,0,0,8192,8192,0,0,0,0,0,0,0,1,1,1,1,1,1,1,1,0,0,0,0,Normal,0,497.63350536868955
235,0.13389801979064941,tcp,-,RST,5,5,658,738,74.68370343067863,4914.187685738654,5511.657313184083,139.6,139.6,14.877557754516602,14.877557754516602,20.58349085896408,20.58349085896408,2.0,2.0,1.0,64,64,0,0,8192,8192,0,0,0,0,0,0,0,1,1,1,1,1,1,1,1,0,0,0,0,Normal,0,0.0
236,31.71872615814209,tcp,-,CON,14,15,4326,5307,0.9142864015223322,136.38630941329686,167.3144114785868,332.17241379310343,332.17241379310343,1132.8116485050746,1132.8116485050746,3847.3465022877012,3847.3465022877012,2.0,0.0,0.0,64,64,0,0,8192,8192,0,0,0,0,0,0,0,1,1,1,1,1,1,1,1,0,0,0,0,Normal,0,0.0
237,29.971367835998535,udp,-,CON,10,0,813,0,0.3336517724088997,27.125889096843547,0.0,81.3,81.3,3330.151981777615,3330.151981777615,4024.5749769924855,4024.5749769924855,0.0,0.0,0.0,64,64,0,0,8192,8192,0,0,0,0,0,0,0,1,1,1,1,1,1,1,1,0,0,0,0,Normal,0,0.3336517724088997
238,0.20719289779663086,tcp,http,RST,5,5,1033,629,48.264202616710584,4985.692130306204,3035.818344591096,166.2,166.2,23.02143308851454,23.02143308851454,25.919931001024278,25.919931001024278,2.0,2.0,1.0,64,64,0,0,8192,8192,0,0,0,0,0,0,0,1,1,1,1,1,1,1,1,0,0,1,0,Normal,0,0.0
239,32.017256021499634,tcp,-,CON,13,15,4323,5273,0.8745284099673614,135.0209398674608,164.69243949135344,342.7142857142857,342.7142857142857,1185.824297092579,1185.824297092579,3908.9121772116564,3908.9121772116564,2.0,0.0,0.0,64,64,0,0,8192,8192,0,0,0,0,0,0,0,1,1,1,1,1,1,1,1,0,0,0,0,Normal,0,0.0
240,0.2956559658050537,tcp,http,RST,5,5,1017,629,33.82309561307377,3439.808823849602,2127.47271406234,164.6,164.6,32.85066286722819,32.85066286722819,42.26174449724434,42.26174449724434,2.0,2.0,1.0,64,64,0,0,8192,8192,0,0,0,0,0,0,0,1,1,1,1,1,1,1,1,0,0,1,0,Normal,0,0.0
241,30.145771026611328,udp,https,CON,10,14,4381,12383,0.7961315694600706,145.3271835751904,410.77071769266894,698.5,698.5,1310.6856968091881,1310.6856968091881,4203.7507699051785,4203.7507699051785,0.0,0.0,0.0,64,64,0,0,8192,8192,0,0,0,0,0,0,0,1,1,1,1,1,1,1,1,0,0,1,0,Normal,0,0.7961315694600706
242,0.15630006790161133,tcp,http,FIN,5,5,1033,629,63.979498756807054,6609.082221578168,4024.3104718031636,166.2,166.2,17.366674211290146,17.366674211290146,20.068035801107424,20.068035801107424,2.0,2.0,0.0,64,64,0,0,8192,8192,0,0,0,0,0,0,0,1,1,1,1,1,1,1,1,0,0,1,0,Normal,0,0.0
243,0.20878291130065918,tcp,http,RST,5,5,1017,629,47.89664028393318,4871.088316876004,3012.698673859397,164.6,164.6,23.1981012556288,23.1981012556288,26.053628502777986,26.053628502777986,2.0,2.0,1.0,64,64,0,0,8192,8192,0,0,0,0,0,0,0,1,1,1,1,1,1,1,1,0,0,1,0,Normal,0,0.0
244,0.004700899124145508,udp,dns,CON,1,1,73,153,425.4505249277273,15528.944159862049,32546.965156971142,113.0,113.0,4.700899124145508,4.700899124145508,0.0,0.0,0.0,0.0,0.0,64,64,0,0,8192,8192,0,0,0,0,0,0,0,1,1,1,1,1,1,1,1,0,0,0,0,Normal,0,425.4505249277273
245,21.039039134979248,tcp,https,CON,9,9,3548,1897,0.8555523797697311,168.638880190167,90.16571469017666,302.5,302.5,1237.5905373517205,1237.5905373517205,3723.6071603701657,3723.6071603701657,2.0,0.0,0.0,64,64,0,0,8192,8192,0,0,0,0,0,0,0,1,1,1,1,1,1,1,1,0,0,1,0,Normal,0,0.0
246,0.04339003562927246,udp,dns,CON,1,1,73,134,46.0935320977411,1682.41392156755,3088.2666505486536,103.5,103.5,43.39003562927246,43.39003562927246,0.0,0.0,0.0,0.0,0.0,64,64,0,0,8192,8192,0,0,0,0,0,0,0,1,1,1,1,1,1,1,1,0,0,0,0,Normal,0,46.0935320977411
247,0.06547093391418457,udp,dns,CON,1,1,73,259,30.547906993681835,1114.9986052693869,3955.9539556817977,166.0,166.0,65.47093391418457,65.47093391418457,0.0,0.0,0.0,0.0,0.0,64,64,0,0,8192,8192,0,0,0,0,0,0,0,1,1,1,1,1,1,1,1,0,0,0,0,Normal,0,30.547906993681835
248,0.04329395294189453,udp,dns,CON,1,1,73,137,46.195827918144374,1686.1477190122696,3164.4142123928896,105.0,105.0,43.29395294189453,43.29395294189453,0.0,0.0,0.0,0.0,0.0,64,64,0,0,8192,8192,0,0,0,0,0,0,0,1,1,1,1,1,1,1,1,0,0,0,0,Normal,0,46.195827918144374
249,17.457465171813965,tcp,-,CON,11,18,6257,7849,1.661180458593845,358.4140044628168,449.607083431141,486.41379310344826,486.41379310344826,623.4808989933559,623.4808989933559,2835.3693715828076,2835.3693715828076,2.0,0.0,0.0,64,64,0,0,8192,8192,0,0,0,0,0,0,0,1,1,1,1,1,1,1,1,0,0,0,0,Normal,0,0.0
250,0.173414945602417,tcp,http,RST,5,5,1033,629,57.66515662915633,5956.810679791849,3627.138351973933,166.2,166.2,19.268327289157444,19.268327289157444,21.867219568716887,21.867219568716887,2.0,2.0,1.0,64,64,0,0,8192,8192,0,0,0,0,0,0,0,1,1,1,1,1,1,1,1,0,0,1,0,Normal,0,0.0
251,3.107404947280884,tcp,-,FIN,15,17,2738,6109,10.297981931193554,881.1210789877484,1965.9491130519195,276.46875,276.46875,100.2388692671253,100.2388692671253,462.2323904741527,462.2323904741527,2.0,2.0,0.0,64,64,0,0,8192,8192,0,0,0,0,0,0,0,1,1,1,1,1,1,1,1,0,0,0,0,Normal,0,0.0
252,0.1413710117340088,tcp,https,CON,8,11,3201,2188,134.39813273564684,22642.548572989766,15477.006022399752,283.63157894736844,283.63157894736844,7.853945096333822,7.853945096333822,14.417674374696402,14.417674374696402,2.0,0.0,0.0,64,64,0,0,8192,8192,0,0,0,0,0,0,0,1,1,1,1,1,1,1,1,0,0,1,0,Normal,0,0.0
253,0.28731608390808105,tcp,https,CON,9,8,2279,4732,59.16828521663509,7932.030706394787,16469.666214418663,412.4117647058824,412.4117647058824,17.957255244255066,17.957255244255066,24.675867620015772,24.675867620015772,2.0,0.0,0.0,64,64,0,0,8192,8192,0,0,0,0,0,0,0,1,1,1,1,1,1,1,1,0,0,1,0,Normal,0,0.0
254,1.7868921756744385,tcp,-,CON,12,17,3927,6343,16.22929485885422,2197.6703762317425,3549.7385272314596,354.13793103448273,354.13793103448273,63.81757770265852,63.81757770265852,253.25123350918366,253.25123350918366,2.0,0.0,0.0,64,64,0,0,8192,8192,0,0,0,0,0,0,0,1,1,1,1,1,1,1,1,0,0,0,0,Normal,0,0.0
255,0.17310214042663574,tcp,http,RST,5,5,1017,629,57.7693607678884,5875.1439900942505,3633.6927923001804,164.6,164.6,19.23357115851508,19.23357115851508,21.995460147173908,21.995460147173908,2.0,2.0,1.0,64,64,0,0,8192,8192,0,0,0,0,0,0,0,1,1,1,1,1,1,1,1,0,0,1,0,Normal,0,0.0
256,1.3289361000061035,tcp,-,CON,12,15,2848,9365,20.31700395517587,2143.0676764570694,7046.990445934149,452.3333333333333,452.3333333333333,51.112926923311676,51.112926923311676,179.8099034890329,179.8099034890329,2.0,0.0,0.0,64,64,0,0,8192,8192,0,0,0,0,0,0,0,1,1,1,1,1,1,1,1,0,0,0,0,Normal,0,0.0
257,0.1967918872833252,tcp,http,RST,5,5,1033,629,50.81510288888485,5249.200128421805,3196.269971710857,166.2,166.2,21.8657652537028,21.8657652537028,24.460657955905724,24.460657955905724,2.0,2.0,1.0,64,64,0,0,8192,8192,0,0,0,0,0,0,0,1,1,1,1,1,1,1,1,0,0,1,0,Normal,0,0.0
258,0.1975851058959961,tcp,http,RST,5,5,1017,629,50.611102262251244,5147.149100070952,3183.4383322956032,164.6,164.6,21.953900655110676,21.953900655110676,25.135107461842892,25.135107461842892,2.0,2.0,1.0,64,64,0,0,8192,8192,0,0,0,0,0,0,0,1,1,1,1,1,1,1,1,0,0,1,0,Normal,0,0.0
259,0.20891499519348145,tcp,http,RST,5,5,1033,629,47.86635823215441,4944.594805381551,3010.7939328025127,166.2,166.2,23.212777243720158,23.212777243720158,26.62553703257675,26.62553703257675,2.0,2.0,1.0,64,64,0,0,8192,8192,0,0,0,0,0,0,0,1,1,1,1,1,1,1,1,0,0,1,0,Normal,0,0.0
